Matrix 1:
83 95 76 90 28 61 70 88 72 32 93 68 13 99 3 53 34 57 23 20 36 84 38 86 46 52 44 39 96 52 27 38 23 38 69 40 14 11 2 33 22 30 79 42 17 85 86 56 18 31 43 93 24 28 78 63 53 85 76 79 89 40 89 80 79 31 36 4 89 87 85 19 64 76 4 76 33 48 54 72 62 73 10 37 38 96 49 16 27 74 18 31 24 48 38 8 4 25 64 94 
86 70 4 84 89 42 99 19 22 82 34 56 91 51 61 66 69 32 3 20 27 39 23 70 12 42 94 56 9 3 51 31 84 77 66 89 51 46 55 91 72 88 60 4 55 58 77 55 15 64 78 53 87 71 51 40 85 18 3 68 38 98 18 85 76 16 44 25 87 38 36 17 13 85 9 36 26 97 63 15 71 33 15 22 44 7 97 11 95 74 93 64 69 21 41 0 92 97 38 2 
77 34 43 76 72 60 17 10 54 21 39 60 38 89 25 97 96 49 0 54 6 90 93 94 55 9 18 54 45 68 96 71 72 37 96 93 14 85 3 85 30 3 77 38 71 3 46 4 26 22 31 44 46 36 73 40 49 32 26 62 23 28 86 97 82 16 77 3 76 17 10 7 38 28 45 46 34 26 55 52 49 87 94 56 33 99 81 64 30 96 60 85 36 55 35 14 57 12 54 45 
15 78 63 42 8 17 39 32 35 66 34 33 70 86 42 48 15 29 20 38 99 35 34 45 93 45 72 35 11 76 82 99 30 96 51 4 52 95 77 57 57 10 0 93 79 65 49 27 99 49 11 24 57 60 0 98 74 28 23 10 60 97 58 86 58 69 76 59 84 92 94 35 31 12 30 48 1 65 8 31 60 31 45 79 18 75 98 86 8 96 52 81 38 46 98 51 14 0 10 23 
93 67 13 36 58 23 69 94 21 63 21 23 21 53 16 47 84 23 0 42 97 75 26 58 42 25 4 15 26 32 10 79 75 18 77 17 40 72 93 97 81 80 60 85 33 47 44 27 72 70 26 51 28 86 97 47 0 48 73 18 53 65 23 89 28 23 61 45 17 92 36 14 79 71 98 74 95 44 69 15 91 74 0 12 65 27 86 72 80 59 85 80 78 49 38 38 5 2 19 0 
35 1 38 7 98 61 63 17 57 60 59 86 67 26 39 72 96 90 42 92 16 50 1 52 0 24 72 34 80 27 94 63 79 57 75 53 41 32 85 37 45 22 46 19 68 29 21 2 65 49 4 59 69 76 2 31 72 63 32 90 65 50 36 95 34 91 74 9 24 19 60 66 28 11 67 77 42 22 63 54 72 19 82 30 28 87 18 77 47 28 92 60 86 5 75 17 89 44 79 19 
86 97 6 45 36 81 22 46 65 82 85 71 29 48 74 16 24 92 52 30 60 81 45 8 50 56 47 57 2 30 98 19 94 73 5 51 30 31 75 90 66 59 97 42 93 41 84 75 81 81 89 84 97 42 25 67 88 40 32 25 27 38 26 90 3 73 31 87 57 41 46 72 71 0 5 51 86 27 5 77 88 87 17 21 33 97 90 29 43 67 49 4 4 2 22 51 1 14 75 52 
92 2 40 56 8 9 94 35 47 11 57 58 71 94 44 86 82 47 12 22 39 26 25 86 20 63 67 60 12 67 92 19 84 62 26 47 53 82 11 99 53 36 38 46 99 93 45 36 46 7 12 93 54 81 2 34 64 67 43 80 26 33 77 40 22 3 90 2 7 77 39 22 45 40 28 31 63 13 81 83 83 18 40 74 71 82 94 28 16 94 89 5 87 37 56 83 92 45 16 29 
49 17 4 79 53 90 73 37 71 85 54 77 80 36 96 12 65 29 4 34 70 50 94 98 89 71 39 35 32 66 82 61 59 45 53 8 64 5 98 88 92 85 24 87 84 94 56 19 60 94 87 64 67 96 73 74 45 13 24 51 64 81 83 45 86 50 44 71 76 96 24 2 96 2 78 73 87 93 88 98 42 67 28 49 63 20 79 90 54 54 54 4 97 29 67 52 68 79 65 69 
21 92 18 18 48 25 47 91 76 86 61 40 43 6 30 59 51 49 7 85 67 62 66 5 28 2 19 7 52 37 53 12 91 4 30 52 90 96 1 80 41 64 54 45 82 37 37 36 94 22 96 18 67 78 31 95 81 68 25 1 71 26 60 56 28 19 3 54 42 59 86 99 76 70 72 95 82 2 59 4 89 67 19 37 61 68 65 33 10 56 62 11 71 35 52 61 81 4 16 76 
62 52 28 87 3 96 31 53 69 85 62 45 95 7 67 77 16 35 59 8 86 28 6 13 50 80 93 46 57 4 53 46 49 93 72 55 54 75 27 53 70 3 0 66 55 54 91 27 63 17 35 59 11 64 22 24 93 80 44 12 80 94 67 13 12 81 8 27 52 25 43 51 44 20 48 93 13 11 8 57 8 52 33 40 43 90 47 36 78 81 28 38 35 18 82 52 52 31 54 57 
27 56 88 12 33 67 62 43 18 30 72 81 99 92 94 0 61 22 58 94 86 78 89 44 49 6 9 64 3 33 2 54 9 25 25 23 30 28 6 71 58 77 71 33 19 99 16 36 81 15 52 32 88 79 78 42 42 63 43 98 47 93 94 97 21 16 86 1 3 2 48 88 30 74 87 0 0 25 14 31 13 72 74 93 94 67 60 77 5 61 45 20 22 93 59 67 14 36 97 2 
90 1 69 48 33 77 82 73 1 90 41 61 24 17 13 53 43 40 25 80 8 64 56 30 56 85 48 83 46 71 47 17 73 7 29 41 86 58 18 34 38 0 89 81 34 94 85 94 55 15 41 2 22 76 80 58 53 3 53 81 62 60 58 83 98 13 1 83 90 73 66 92 14 47 45 5 34 11 39 47 34 74 34 85 5 97 78 2 85 21 12 12 97 43 60 11 81 11 54 13 
59 80 17 72 48 34 90 28 3 83 16 90 88 64 57 97 37 68 94 8 67 79 47 21 37 91 54 55 61 92 52 69 74 35 88 72 72 39 42 28 85 55 31 77 91 24 24 87 45 17 75 9 11 39 36 59 96 46 94 53 75 21 12 2 13 84 69 41 40 55 98 71 64 4 81 5 74 74 63 61 38 9 36 24 78 18 73 57 93 93 40 55 97 6 46 70 47 66 10 2 
63 86 17 59 90 90 92 25 53 14 52 23 54 21 19 32 87 43 17 44 77 58 95 47 42 89 70 3 60 94 54 83 81 46 72 1 62 19 74 59 16 70 78 69 88 76 81 44 43 81 4 57 9 47 38 30 83 22 25 98 41 90 36 31 76 40 18 43 0 32 34 28 50 84 59 14 55 38 84 95 27 51 41 11 89 23 20 60 20 4 41 27 97 25 70 80 36 34 57 66 
26 41 96 9 54 26 91 91 33 76 50 50 86 20 60 3 61 55 58 2 66 53 26 7 41 74 28 37 50 17 55 62 2 5 43 92 87 43 67 20 24 47 81 15 94 18 49 4 53 93 70 41 83 36 20 84 85 71 6 47 72 66 42 2 35 0 99 78 35 36 99 91 53 46 59 42 17 11 3 30 4 88 88 65 7 85 57 81 65 18 66 77 67 93 70 17 5 53 99 94 
40 65 24 36 67 24 57 10 7 16 62 0 69 80 50 35 2 39 36 45 36 44 84 58 14 44 50 33 27 75 14 28 35 49 18 39 72 54 47 45 39 82 4 72 71 45 87 76 96 17 42 19 47 79 23 34 95 74 25 86 67 64 8 59 80 50 70 82 77 94 13 91 75 91 59 42 58 13 45 91 73 92 69 82 2 90 82 31 16 47 7 2 71 90 52 64 85 54 90 55 
26 89 43 10 46 57 15 18 59 20 82 54 32 66 92 51 81 66 90 84 35 34 3 0 24 56 55 42 52 55 91 87 37 5 76 62 97 67 53 81 92 58 79 48 7 9 90 73 95 47 84 42 7 52 17 12 57 78 54 27 40 93 69 58 78 24 78 45 80 49 16 35 29 51 84 36 49 57 36 59 37 98 28 86 64 74 51 75 48 23 95 87 32 88 14 47 0 26 69 92 
72 44 70 42 68 14 21 17 28 92 99 75 69 94 32 7 60 25 60 22 93 69 60 78 58 88 59 48 53 38 86 95 72 48 61 46 25 60 23 83 83 64 91 99 97 18 80 19 54 68 17 2 82 94 21 18 77 39 99 74 68 10 45 82 71 96 60 67 6 40 71 35 76 6 66 82 38 34 90 4 38 95 32 53 67 47 22 2 92 52 53 1 64 47 96 70 71 38 51 93 
36 19 83 87 29 68 57 36 6 25 17 64 10 54 76 98 88 36 26 87 37 11 40 29 54 61 50 83 71 0 38 96 66 53 86 54 21 61 3 50 72 72 27 92 89 25 81 66 89 5 74 56 13 61 70 49 43 97 41 17 47 98 52 16 98 60 65 50 71 4 28 68 27 66 76 44 27 18 83 17 4 79 10 99 60 49 4 71 7 77 13 52 44 67 30 27 46 20 70 88 
11 40 90 6 0 5 74 63 97 28 54 42 73 23 79 49 79 53 14 25 46 77 82 7 9 70 29 0 40 7 60 50 20 73 26 26 89 1 67 1 77 85 79 38 94 92 91 22 63 26 2 15 4 31 46 57 5 19 39 7 25 61 42 62 75 54 70 38 66 94 64 38 93 21 45 76 40 12 74 22 83 6 65 91 15 28 65 27 21 85 75 23 62 26 29 8 59 77 64 9 
68 29 99 1 46 58 91 55 20 39 73 24 30 37 90 54 20 60 73 57 19 5 55 58 58 38 31 68 57 47 44 54 1 81 1 19 60 70 77 29 72 37 7 12 30 23 91 63 68 55 46 21 22 19 43 72 61 82 65 76 3 20 81 38 50 21 45 48 38 2 6 68 53 69 51 18 62 93 46 38 67 69 46 71 45 60 68 21 98 22 64 87 24 20 66 10 19 25 52 65 
67 31 72 13 88 12 47 90 84 25 15 59 33 33 53 61 41 52 37 35 67 57 73 53 64 41 48 16 84 73 28 66 74 39 23 16 20 41 18 19 32 73 11 40 58 21 53 40 35 47 53 67 94 44 33 80 25 39 36 20 22 21 29 18 1 19 10 34 56 59 88 15 12 31 9 24 51 10 71 30 74 24 1 42 2 32 94 49 54 12 15 85 69 24 61 2 60 6 25 7 
29 17 25 72 97 86 51 58 8 90 6 19 63 84 35 6 93 20 65 2 12 36 48 79 54 2 42 46 48 77 88 29 11 39 94 69 76 38 69 92 38 68 94 65 37 41 7 51 58 64 29 37 20 77 40 73 59 32 30 1 98 1 3 4 37 98 88 55 80 14 10 64 93 29 24 60 59 4 94 46 51 18 4 28 77 10 83 50 69 30 47 98 89 54 69 9 50 1 92 91 
82 97 44 21 49 0 31 30 34 36 51 89 87 17 95 34 24 57 48 92 96 42 95 7 81 79 88 49 10 57 83 56 45 76 70 89 42 97 26 70 42 79 54 14 85 39 26 96 56 91 50 30 1 62 25 84 84 37 74 92 69 8 58 23 50 34 46 61 67 31 7 72 18 33 74 0 78 84 13 54 91 98 31 8 84 88 37 97 92 1 65 6 64 56 56 62 48 28 23 77 
30 71 90 55 90 46 21 4 98 60 64 44 79 12 98 3 28 4 21 48 34 34 90 72 19 48 77 37 11 59 45 38 43 91 89 84 10 75 94 80 6 61 2 31 4 51 1 66 10 32 16 32 84 69 40 0 63 14 21 15 17 29 67 30 6 65 22 78 36 36 34 36 90 4 71 57 84 85 51 91 39 52 70 98 11 15 30 85 7 79 97 27 8 15 95 67 60 50 28 60 
62 81 5 19 3 26 37 71 91 18 90 69 94 31 7 25 35 87 20 96 40 72 5 75 16 18 6 21 48 93 22 29 15 77 96 10 92 13 46 37 82 61 88 90 60 3 68 21 87 84 63 46 78 32 3 2 31 51 58 94 23 93 77 32 77 2 45 8 56 83 5 50 86 46 38 60 85 71 68 43 26 75 34 39 91 25 66 60 81 32 19 35 95 27 99 80 21 28 19 17 
23 75 39 99 33 94 40 61 76 43 63 38 49 17 41 84 8 83 9 86 17 65 46 10 18 66 68 59 37 92 34 96 67 91 18 49 24 20 64 43 91 9 14 70 89 96 47 78 59 56 29 18 37 27 66 46 87 9 24 82 60 48 36 2 87 51 80 70 90 21 33 26 47 35 56 6 78 56 54 40 45 30 75 46 9 15 53 83 65 21 71 86 42 90 40 4 14 77 33 54 
67 9 54 21 63 16 54 33 98 37 91 51 99 9 37 28 62 40 63 30 95 95 66 2 60 38 54 3 13 50 37 18 47 64 62 55 9 86 5 9 86 89 29 92 82 9 73 5 65 61 86 52 72 8 60 80 28 81 62 5 72 65 65 93 26 59 99 81 68 70 44 66 86 32 93 11 60 44 68 77 73 27 74 57 75 96 5 36 45 39 52 87 15 75 87 39 8 91 1 16 
35 27 86 4 97 52 30 85 15 28 72 76 51 65 70 97 42 21 0 40 74 10 67 4 99 42 8 87 54 57 44 55 43 30 96 1 29 56 24 47 50 57 3 15 58 91 87 64 67 78 98 85 53 56 20 31 24 42 69 3 2 31 95 82 57 2 92 80 80 97 12 41 1 24 61 68 22 46 93 90 54 42 19 54 84 60 70 87 30 57 28 51 84 80 37 77 42 23 6 43 
29 67 69 39 53 78 98 89 52 82 37 83 39 56 76 63 70 26 32 49 50 65 63 8 63 50 69 21 77 78 7 29 93 22 24 90 69 1 72 66 18 10 79 33 20 23 11 55 46 71 57 71 92 68 12 74 36 96 9 49 55 96 7 15 15 94 81 74 94 28 72 0 83 83 74 30 0 93 55 33 89 1 47 84 72 65 32 26 38 60 11 99 65 55 94 33 17 52 21 6 
2 56 82 11 92 29 25 73 71 21 37 19 64 8 40 33 96 97 86 51 31 32 4 40 6 42 98 42 61 2 65 8 22 55 32 47 75 98 60 94 9 19 8 86 0 94 59 61 83 45 29 45 96 88 38 95 33 18 38 36 13 57 54 25 5 42 87 37 58 57 81 37 50 8 49 39 45 44 23 50 36 1 85 94 65 92 6 5 73 66 71 18 92 24 77 99 12 68 17 11 
22 97 42 40 86 46 81 4 89 10 59 33 42 69 84 15 63 5 4 12 2 49 90 26 63 84 3 43 63 60 96 87 80 8 63 42 80 2 79 39 22 46 63 72 13 49 64 71 83 42 76 90 41 27 23 23 10 12 73 23 40 29 13 68 33 18 88 6 19 87 0 58 14 9 70 56 48 43 57 5 25 27 34 28 28 20 68 51 25 83 73 16 5 2 78 29 86 20 96 45 
58 53 64 67 25 90 16 51 59 55 28 43 30 45 1 60 66 27 33 56 8 7 8 2 18 59 87 75 74 47 55 0 17 60 20 83 83 38 27 3 48 66 56 23 91 78 10 11 72 45 88 67 38 4 85 66 37 81 35 12 78 77 46 65 98 10 10 29 22 97 35 7 21 11 72 76 86 71 62 37 91 40 94 92 5 65 14 90 20 8 71 36 1 11 29 0 74 64 28 4 
69 86 97 5 52 47 16 5 6 88 71 4 86 95 83 81 11 78 58 89 30 67 90 86 99 88 70 77 24 31 47 7 4 51 35 3 27 45 37 3 18 82 60 79 31 11 8 41 34 94 40 70 54 49 39 93 7 98 13 98 25 6 13 64 16 63 16 96 94 1 76 72 33 21 79 88 47 9 83 33 96 84 82 73 35 20 5 91 81 62 23 52 82 22 75 50 78 69 27 34 
67 65 7 28 96 70 2 50 10 25 80 56 15 22 0 14 0 28 56 54 51 76 68 85 5 61 7 10 42 44 6 18 7 26 40 12 20 74 25 88 55 78 75 57 46 97 60 99 7 65 54 41 21 65 20 22 10 12 98 41 46 46 89 57 14 94 49 3 88 80 88 25 45 32 21 30 95 39 78 72 16 53 86 40 46 47 6 75 57 42 10 96 83 51 69 67 91 23 68 98 
93 6 55 27 75 51 31 68 16 15 87 81 49 71 92 85 15 69 27 48 25 58 61 6 70 35 11 62 54 26 49 15 96 69 47 88 24 23 64 40 45 88 54 95 12 59 31 13 38 95 92 27 59 32 39 97 10 44 67 2 96 27 82 60 32 53 85 39 47 68 95 25 49 74 91 54 80 45 77 91 63 60 76 23 86 52 84 19 19 89 16 96 87 16 57 17 15 61 7 23 
56 83 4 50 88 80 39 3 24 70 56 75 15 95 9 97 87 70 10 72 42 1 35 46 1 96 69 86 26 61 97 78 98 77 92 7 9 29 64 93 84 41 10 21 76 53 44 16 15 27 30 6 51 43 16 60 96 90 45 75 52 44 39 6 19 36 47 35 3 94 74 44 56 73 36 91 85 88 41 10 36 72 99 47 68 17 95 20 76 30 24 8 86 76 97 54 79 35 54 38 
11 19 48 84 57 31 96 85 9 37 90 66 86 69 96 0 34 27 68 28 90 2 93 23 77 24 26 70 54 11 50 37 91 40 18 11 74 56 36 87 8 66 14 4 46 90 57 87 53 72 18 86 27 46 74 57 27 79 94 73 72 31 66 49 36 97 92 58 95 57 27 47 43 72 49 14 58 53 12 8 99 23 27 66 17 81 1 55 73 37 99 54 70 40 25 2 35 20 84 27 
42 24 11 58 29 93 4 6 39 53 41 11 81 59 40 97 32 98 31 82 47 60 55 4 11 6 3 97 39 92 83 28 8 15 0 96 88 28 15 81 89 25 78 82 96 53 87 32 50 89 31 43 27 80 12 24 7 10 43 5 60 60 18 6 19 3 81 62 75 64 71 28 45 77 21 27 67 38 66 41 57 79 4 24 1 24 64 9 74 43 70 1 36 45 24 22 36 40 72 93 
29 28 22 20 36 57 38 95 0 8 70 67 11 1 39 8 90 20 69 57 61 63 1 51 29 98 40 93 78 98 2 90 89 81 22 11 99 25 66 25 78 57 64 18 58 42 33 4 9 2 78 76 70 73 47 8 29 58 23 28 23 70 51 62 99 7 3 90 97 53 60 43 85 43 8 38 20 90 0 66 77 39 18 36 29 38 12 6 38 86 87 20 58 11 1 15 12 91 70 66 
73 71 28 24 60 27 80 39 78 22 52 12 34 76 63 29 50 63 28 88 76 82 51 37 28 56 71 17 64 68 3 35 93 33 43 19 80 31 15 41 79 69 14 22 53 96 49 14 16 89 5 45 38 11 96 81 72 12 90 37 53 25 85 15 49 78 52 85 0 35 23 50 87 92 97 59 23 64 20 17 7 76 12 6 12 24 0 92 3 70 80 92 57 58 7 54 39 51 90 84 
21 32 99 22 14 12 18 49 9 83 65 92 33 52 35 49 93 21 41 76 34 38 44 1 12 13 64 61 42 77 38 82 17 92 25 71 70 8 21 52 47 3 50 68 67 5 55 21 83 5 84 76 67 60 90 18 2 25 87 3 7 53 12 55 92 20 67 15 78 19 20 16 27 3 8 80 19 16 80 25 23 51 30 17 95 43 24 39 31 56 15 73 59 91 83 41 50 77 21 47 
19 29 43 69 21 86 21 20 53 50 11 29 87 71 4 13 33 60 46 37 69 27 10 33 86 35 88 28 25 21 50 8 62 89 4 52 38 35 84 12 16 57 53 52 45 89 18 99 64 17 19 79 93 50 27 66 34 13 28 9 37 30 9 46 49 20 56 25 88 26 26 35 51 42 5 43 6 54 39 65 11 65 4 21 86 35 91 8 23 59 51 84 55 6 62 78 94 55 76 31 
84 3 46 96 60 14 70 67 81 57 69 2 22 40 73 79 39 83 74 97 95 14 51 10 17 47 26 24 77 60 55 5 67 69 83 91 52 22 9 21 64 24 98 99 44 72 25 1 61 59 80 6 2 50 85 92 69 10 84 91 80 98 49 17 62 62 21 26 92 90 73 21 51 97 30 16 97 91 83 30 98 85 0 31 42 42 74 1 49 64 20 99 54 16 5 77 38 18 0 38 
37 19 68 81 4 55 62 26 14 97 17 68 87 25 6 34 80 16 58 20 63 96 91 48 55 54 86 17 2 71 92 17 50 39 50 24 32 79 95 63 15 25 80 89 56 33 88 65 78 86 40 85 28 59 81 49 37 48 64 54 1 44 0 38 20 12 37 59 30 51 6 96 30 88 68 46 75 54 16 72 50 54 72 80 36 19 96 99 3 12 9 0 8 68 6 22 38 63 78 14 
98 70 40 30 28 12 12 63 38 27 61 31 73 43 64 16 94 67 5 39 35 33 88 92 79 62 16 66 27 90 5 22 16 46 47 96 25 30 52 32 93 5 87 19 91 7 67 55 69 10 42 72 28 38 99 2 19 85 34 57 61 49 4 0 84 72 55 3 23 15 25 78 4 88 64 85 23 65 94 96 15 5 92 39 94 20 0 89 41 77 17 61 75 0 32 95 99 8 28 25 
24 68 22 84 27 90 79 77 89 26 83 2 43 72 23 14 93 23 10 94 31 58 35 69 83 44 76 58 4 87 21 85 54 70 1 30 76 77 57 67 55 7 54 71 67 18 12 30 10 28 23 77 49 29 60 26 64 84 9 77 47 14 57 76 94 65 91 60 69 36 86 12 79 40 89 59 8 4 81 73 71 30 69 65 97 84 8 32 17 11 80 2 77 6 9 41 23 24 91 45 
15 8 11 92 50 12 77 96 26 69 51 74 19 91 51 85 13 82 1 5 51 30 47 0 79 10 41 59 54 79 35 57 87 96 78 87 82 46 1 44 7 84 59 89 63 94 78 91 74 85 76 27 35 11 50 13 94 78 18 81 41 89 69 96 98 36 15 4 63 52 22 32 11 91 52 82 24 63 5 32 39 52 52 67 52 93 47 74 51 35 56 39 93 8 72 21 38 41 0 58 
70 15 10 72 48 79 85 81 67 71 12 7 42 89 49 75 54 92 65 14 80 54 48 71 89 2 27 66 80 80 91 69 40 94 8 43 51 90 27 15 76 69 78 18 88 77 99 26 24 30 59 74 10 33 73 72 48 76 85 83 29 11 49 82 55 68 15 22 81 7 49 14 32 94 31 20 13 0 84 0 6 0 76 92 13 19 74 91 33 30 23 62 39 99 80 66 22 98 79 71 
13 40 5 72 56 10 36 65 47 51 0 18 54 27 51 65 82 11 89 82 20 69 75 50 37 57 78 93 75 87 11 81 72 23 87 36 98 90 60 69 79 31 33 15 9 43 46 96 99 85 49 86 15 43 30 27 7 82 51 47 46 12 62 45 44 25 57 10 92 40 66 81 58 6 66 3 87 74 16 91 28 61 31 64 57 85 12 56 25 88 45 6 22 25 91 20 70 97 13 33 
26 49 1 50 2 69 4 60 23 49 6 16 44 66 30 86 44 35 67 82 97 7 81 8 89 32 22 59 46 86 95 7 59 70 4 65 71 47 20 46 85 69 38 27 9 86 69 65 89 64 31 94 92 94 96 70 52 49 57 40 66 50 64 10 25 42 38 42 29 46 38 22 4 12 97 11 65 75 79 6 22 59 17 10 67 73 65 53 73 72 83 62 55 86 1 82 50 18 64 68 
91 96 61 25 94 89 76 36 87 10 38 83 24 78 39 30 75 53 90 23 0 59 56 81 47 40 59 86 90 79 88 23 41 75 62 62 63 13 56 44 1 59 37 83 19 53 91 89 44 86 57 47 84 4 68 44 61 10 2 60 84 31 30 20 57 42 61 70 19 61 55 34 86 15 82 38 76 45 31 90 73 69 22 16 58 79 43 64 32 4 87 49 15 20 46 76 41 24 83 88 
80 23 30 85 97 74 83 55 31 28 67 77 39 12 4 26 23 63 26 69 88 27 0 56 53 51 26 9 60 13 39 99 46 14 62 52 70 32 31 89 11 4 45 55 19 16 51 37 34 85 2 53 9 39 15 60 32 73 87 67 20 85 91 15 45 97 67 96 0 52 6 48 70 89 27 80 38 84 87 73 54 38 33 6 59 18 59 5 79 1 61 44 91 49 52 23 82 55 91 92 
56 18 78 22 99 55 7 70 32 39 64 87 59 50 65 92 38 8 32 36 61 95 29 87 95 86 65 57 94 63 83 36 23 61 51 34 47 37 90 90 75 89 84 44 98 79 28 16 48 80 60 32 64 24 36 95 11 81 39 93 16 3 19 66 62 40 78 97 10 12 0 38 50 41 74 71 76 80 25 52 26 29 21 90 44 83 48 55 42 55 31 12 96 93 71 43 52 71 8 59 
73 45 5 99 43 41 59 18 22 98 89 72 63 96 86 16 51 62 38 15 96 1 51 88 80 71 99 35 0 36 23 79 38 4 32 3 57 10 82 14 95 90 44 49 56 92 69 37 1 77 59 77 85 18 93 28 45 47 76 52 53 39 41 43 7 76 59 83 86 44 14 58 4 48 9 38 6 29 96 96 16 67 5 76 42 67 32 61 76 5 53 8 80 28 54 90 41 52 58 65 
62 46 20 40 39 20 57 11 81 88 32 73 18 24 2 29 51 68 99 17 74 13 42 28 24 99 4 46 23 24 36 89 42 5 51 89 32 7 25 21 69 65 99 38 23 67 4 3 96 17 71 37 46 60 56 60 95 40 60 34 89 15 10 98 4 62 41 27 89 88 92 84 61 93 50 89 23 22 91 64 93 90 55 57 22 33 41 42 38 32 58 23 51 16 47 90 42 6 19 53 
70 51 36 42 2 33 44 42 75 10 54 57 53 33 25 69 73 95 5 84 1 67 34 62 11 4 23 30 42 9 57 18 38 38 47 96 91 51 88 27 10 51 73 34 58 82 97 89 35 64 75 30 43 56 92 50 94 84 98 40 39 96 49 51 92 94 23 5 66 96 5 40 36 39 64 84 13 51 45 96 52 56 7 29 35 8 67 16 23 87 50 47 92 20 22 23 26 0 28 76 
96 21 44 98 28 87 99 32 50 93 4 62 12 13 79 52 11 98 0 53 14 18 49 51 99 89 67 95 90 28 58 27 5 95 2 4 34 83 46 9 86 51 58 19 98 40 68 16 60 85 88 47 74 97 11 27 84 56 52 86 65 39 77 46 46 79 39 53 28 18 47 84 3 35 17 97 84 85 50 36 61 49 81 75 3 34 37 44 42 27 76 94 74 70 94 46 7 30 43 72 
81 55 26 13 3 88 11 96 79 77 75 25 69 86 91 9 65 60 62 99 69 60 60 83 84 89 58 2 88 74 26 7 89 21 66 96 41 93 83 30 56 7 28 83 6 28 77 8 61 30 57 89 18 68 68 40 75 73 23 91 13 32 75 43 30 73 92 8 57 10 89 2 99 77 96 0 35 66 59 94 67 18 30 66 98 30 98 31 83 24 10 62 19 44 34 82 51 49 20 21 
5 79 22 98 0 38 27 79 90 90 79 33 5 99 47 66 68 68 57 24 28 29 1 18 11 46 32 17 96 66 2 73 82 69 43 97 21 7 12 75 12 8 28 2 16 74 84 5 55 42 73 15 48 64 64 81 19 78 19 43 41 80 44 33 49 97 68 38 98 45 69 82 90 15 78 4 35 97 38 86 6 50 26 35 71 21 37 55 6 44 31 99 28 1 59 52 20 23 86 71 
25 88 65 90 81 66 50 21 54 76 41 97 4 70 7 15 81 76 32 54 16 35 64 59 14 39 88 16 19 59 65 56 50 69 26 94 3 36 70 75 57 62 37 4 18 15 79 23 58 9 45 70 66 65 23 53 20 53 61 36 20 36 37 61 62 25 72 28 23 46 72 85 86 19 92 27 36 30 58 69 3 50 80 59 76 0 70 22 32 39 87 94 39 26 88 80 25 82 64 30 
84 64 8 24 47 70 36 70 50 99 12 96 33 94 84 95 13 9 48 50 52 92 64 23 43 84 8 96 49 29 91 15 63 76 50 96 16 43 43 76 17 78 89 69 58 23 89 22 96 75 38 87 15 9 58 87 8 91 61 27 26 42 29 21 87 67 80 45 15 19 70 39 1 86 45 91 81 62 82 44 3 71 67 61 15 22 5 36 8 90 33 33 11 68 11 81 15 18 89 32 
27 28 16 90 38 84 60 84 31 52 38 18 99 68 31 33 83 73 61 36 82 31 43 45 26 82 87 13 12 27 50 12 14 77 58 92 53 9 91 66 86 6 91 74 82 75 0 77 90 37 1 5 41 43 88 4 29 91 92 67 81 61 10 1 34 67 56 96 17 33 21 92 56 76 0 60 35 93 95 44 31 77 12 15 0 41 57 6 31 79 56 67 34 3 38 81 6 95 82 68 
36 41 82 9 59 56 18 72 13 31 69 41 34 15 61 28 99 3 17 10 25 43 72 14 84 50 76 92 93 58 20 8 67 29 98 29 38 26 49 31 57 28 46 28 61 45 89 86 31 54 86 38 57 69 8 19 58 86 48 0 51 13 35 78 60 88 35 9 97 96 7 44 8 82 16 4 75 54 72 6 94 91 74 52 33 65 84 65 4 48 10 30 92 89 69 80 99 98 92 34 
5 50 58 81 51 17 5 27 57 87 36 53 19 41 19 76 77 87 7 92 82 12 55 61 42 72 30 74 25 60 90 74 67 80 37 99 96 89 32 80 35 60 49 49 41 34 49 15 30 22 31 9 21 58 49 80 68 41 75 25 4 48 42 85 3 30 96 94 61 20 46 11 86 59 25 31 80 71 66 29 51 55 49 86 51 94 10 27 42 52 8 85 45 42 38 84 94 39 16 18 
46 93 24 19 35 6 63 34 94 77 70 26 15 42 31 47 35 54 69 42 33 7 11 82 32 43 94 23 54 71 8 30 21 55 50 56 26 35 16 54 41 85 18 83 28 72 60 28 97 2 55 98 62 60 8 27 91 3 43 60 79 8 99 10 48 61 58 99 5 65 9 17 54 9 21 91 31 32 74 68 47 83 99 55 46 40 64 33 41 74 19 63 17 6 59 1 97 70 2 66 
29 0 37 36 34 60 49 40 81 99 56 74 35 39 53 13 14 73 97 58 2 53 33 72 7 86 39 6 48 84 22 76 16 99 98 17 63 49 66 71 3 68 0 23 73 5 73 51 21 1 30 17 68 1 99 68 20 82 15 54 47 92 69 39 44 41 20 48 96 64 54 70 9 57 7 10 55 99 50 49 9 3 51 27 19 69 68 84 23 89 26 79 80 57 26 97 67 59 0 58 
13 34 62 32 39 49 44 83 81 57 44 80 87 37 28 26 64 57 69 64 77 13 42 7 96 68 51 60 51 73 88 4 65 57 29 58 5 18 97 25 72 54 59 22 18 39 94 83 97 49 13 15 24 53 65 93 64 31 72 52 56 93 33 91 74 18 95 29 64 66 20 7 94 84 13 74 17 11 7 39 39 79 0 85 19 64 57 99 18 82 33 93 32 70 35 38 25 26 71 8 
57 64 24 55 92 37 11 72 3 66 60 93 53 63 27 0 69 81 38 23 23 62 56 57 61 19 72 94 60 35 58 19 65 96 69 67 52 91 4 42 49 51 32 39 26 14 18 15 50 26 73 84 41 59 35 36 18 35 89 34 52 91 17 12 37 10 2 57 53 22 89 16 97 81 22 57 41 37 86 28 98 6 78 73 15 73 17 89 14 11 70 69 40 98 84 3 84 91 38 93 
24 24 0 94 15 5 5 98 20 52 49 85 69 98 94 62 46 23 28 41 49 13 40 29 18 92 42 3 87 29 57 56 24 66 98 65 3 77 81 4 92 45 79 57 70 10 12 83 23 91 62 12 95 34 64 44 27 44 59 59 7 52 87 97 15 45 1 63 72 29 25 98 7 86 29 89 23 38 68 43 66 82 7 51 72 93 84 46 49 84 48 32 68 54 3 71 3 52 24 3 
95 14 36 4 27 59 34 30 33 17 14 48 50 90 19 86 7 29 39 21 90 28 96 11 25 18 92 6 82 24 90 46 6 38 4 22 57 95 63 3 50 11 23 93 28 34 27 88 59 51 91 91 95 27 12 53 45 41 47 80 32 15 84 54 73 25 98 71 62 19 32 2 79 27 74 12 37 2 59 5 16 70 18 22 1 2 69 57 57 20 72 13 90 81 37 53 38 18 93 74 
82 87 52 79 4 17 91 63 82 41 65 5 87 39 43 29 72 96 18 11 51 96 59 94 41 76 44 63 24 3 61 55 58 81 12 86 32 23 71 35 80 21 99 62 80 10 19 29 18 67 79 81 80 22 83 69 91 47 79 71 57 17 54 27 38 40 54 94 5 9 64 67 84 26 20 16 65 54 58 45 6 82 42 80 79 97 17 81 70 33 50 14 97 8 43 10 75 94 28 30 
45 56 99 69 29 18 75 47 81 35 14 30 2 2 81 63 91 44 70 69 35 51 36 30 31 57 6 17 29 58 95 39 41 58 76 37 26 38 54 57 40 0 29 25 37 15 20 56 6 48 98 40 15 46 54 63 29 70 98 15 67 5 51 52 7 17 20 78 2 48 97 66 86 89 37 69 94 6 0 68 89 33 38 21 67 89 8 85 32 40 16 57 27 45 86 13 53 81 98 50 
14 43 79 73 49 45 55 50 87 68 26 29 37 13 23 0 40 42 85 10 60 56 58 44 63 53 80 34 59 45 40 6 20 79 8 74 95 30 99 15 18 69 29 45 73 23 46 39 75 20 63 22 40 29 91 71 79 54 75 90 69 98 46 0 22 97 54 96 50 97 59 89 83 22 79 55 95 8 50 70 80 88 74 43 87 37 12 65 80 80 23 97 97 40 51 32 32 73 22 6 
67 91 50 76 64 83 14 30 15 98 86 59 62 31 68 8 11 80 92 60 46 10 10 57 10 75 22 39 2 15 68 12 25 2 47 77 36 97 81 56 97 45 97 13 76 35 96 82 31 26 59 40 82 24 68 14 12 57 15 14 89 67 4 44 52 3 76 73 97 51 37 40 87 75 2 85 62 45 94 28 56 20 42 63 22 91 43 82 19 97 23 13 4 24 48 87 14 64 29 68 
34 27 68 50 85 73 89 73 96 84 83 98 89 28 87 97 23 12 80 90 99 99 28 78 86 63 93 34 83 82 40 8 91 49 78 61 58 17 1 72 55 26 9 66 45 0 8 22 84 86 90 26 43 5 87 64 67 70 62 21 68 1 51 42 27 29 57 89 85 51 55 14 16 77 57 15 69 12 16 92 91 88 62 53 55 8 56 84 35 52 25 9 36 65 44 87 43 44 76 16 
64 65 71 55 29 58 68 14 25 95 39 60 10 57 39 16 87 9 42 2 47 41 46 37 94 15 49 52 86 88 97 28 88 25 55 71 20 13 51 47 11 26 16 64 65 82 65 94 45 83 5 46 68 19 43 73 50 91 61 99 31 47 50 0 59 69 62 52 25 64 84 68 39 10 96 93 19 73 44 18 47 93 67 34 33 9 13 7 73 9 92 11 72 40 35 27 83 33 50 83 
43 59 73 60 43 73 93 59 4 76 69 62 5 4 43 75 57 55 54 55 29 69 97 26 94 19 98 49 6 3 41 97 79 24 49 8 12 74 90 75 4 4 3 37 96 53 60 12 41 7 82 17 83 54 28 92 76 93 24 44 36 34 13 73 46 20 67 33 18 88 75 53 18 15 92 44 22 1 27 1 79 2 64 28 19 75 52 67 88 61 55 67 33 30 58 28 37 89 72 14 
50 36 31 42 35 37 18 22 22 5 35 24 60 71 38 82 36 47 33 47 2 81 75 78 17 25 86 93 37 61 75 65 31 46 8 0 92 16 2 17 15 62 20 56 9 94 39 65 10 71 66 5 31 68 38 29 61 48 32 54 9 90 73 90 26 66 72 93 48 4 29 46 28 68 62 50 46 75 73 24 82 92 14 72 8 1 56 10 87 39 81 48 29 26 17 60 33 86 28 75 
87 32 81 79 77 89 5 47 92 66 52 19 4 46 88 44 93 54 7 16 28 95 94 60 35 69 28 18 67 68 41 97 28 72 63 66 23 55 31 14 40 95 46 34 53 60 17 21 69 13 16 21 31 4 16 45 98 19 46 82 60 58 51 34 14 90 77 74 6 72 33 34 72 57 27 13 32 25 81 71 53 46 43 79 46 80 87 98 7 91 15 73 64 39 15 93 5 32 81 54 
8 51 30 84 0 83 82 24 51 28 21 80 11 83 94 40 39 66 43 89 49 90 24 28 83 77 76 42 34 42 53 30 51 47 36 96 62 65 2 45 84 35 36 52 5 96 6 9 40 92 84 55 98 49 10 20 83 75 27 91 34 46 75 70 42 97 76 96 62 28 93 86 76 73 58 99 9 28 43 92 7 63 95 92 76 61 16 23 65 49 0 74 7 56 49 48 7 38 37 99 
76 37 33 93 38 7 22 82 97 54 93 41 57 38 20 20 81 34 0 81 99 89 56 86 58 9 9 4 36 47 23 72 90 16 64 66 64 15 75 63 0 31 58 83 70 32 60 82 0 87 97 0 23 62 34 51 65 98 89 94 27 92 37 0 51 8 62 87 77 2 67 20 84 32 59 61 63 2 52 30 57 51 84 34 75 26 21 15 60 12 64 10 36 12 18 42 35 56 44 43 
78 28 94 5 71 78 82 35 32 28 90 2 29 25 80 26 20 59 50 39 28 54 50 41 82 9 87 5 9 0 29 72 69 47 77 80 38 68 87 58 93 6 83 17 24 13 8 62 65 51 73 68 67 60 36 41 59 29 48 42 97 42 34 55 24 32 90 97 78 85 40 68 58 72 61 3 60 70 64 61 78 67 66 95 4 60 30 15 91 96 55 75 79 11 61 22 98 8 64 42 
88 75 60 21 49 57 17 32 34 8 89 10 3 95 98 18 14 81 21 58 89 69 25 84 37 80 2 4 46 55 44 29 97 61 51 49 32 49 33 86 47 40 33 60 24 12 10 46 26 29 86 9 60 40 26 80 68 1 66 10 54 84 18 85 87 46 95 44 63 32 99 86 47 62 37 31 48 64 31 18 61 1 80 50 88 79 27 80 44 2 13 70 98 57 54 23 90 93 28 92 
84 7 63 67 89 14 30 4 81 93 9 80 16 40 86 65 71 42 85 17 13 36 85 25 53 95 26 13 30 62 58 61 13 77 15 0 63 53 65 53 27 20 95 80 69 11 89 51 0 67 10 84 39 86 23 98 76 79 81 40 43 96 56 67 66 1 40 37 39 15 20 59 34 26 85 32 39 82 29 83 83 32 57 24 72 9 21 71 54 67 47 74 32 5 41 86 88 28 53 54 
3 74 99 4 67 71 93 54 6 78 31 26 92 21 18 94 71 73 88 6 76 8 53 82 15 32 38 92 9 36 52 3 59 51 9 35 48 79 70 24 88 49 27 67 33 57 29 0 66 80 84 98 53 79 81 21 4 77 76 46 50 33 75 50 83 60 1 80 16 30 55 27 14 73 70 42 67 0 12 58 95 35 23 23 98 79 15 76 67 1 60 83 11 92 15 12 91 12 74 60 
51 21 81 13 88 29 74 43 15 97 73 83 21 72 52 99 18 1 20 75 63 82 19 65 13 31 58 2 69 31 33 18 91 18 54 38 65 56 11 7 17 57 32 50 47 31 14 1 74 46 9 98 6 1 34 92 15 93 27 44 44 51 28 83 43 60 88 71 52 72 92 23 60 7 88 20 23 86 22 34 55 44 36 59 10 64 20 75 34 35 23 45 2 26 53 14 32 51 99 97 
54 58 99 61 92 0 26 98 57 55 64 89 22 26 63 34 96 38 90 1 66 4 71 39 17 0 49 44 25 71 16 31 52 16 14 97 7 56 5 81 37 23 20 66 27 94 38 40 35 32 85 14 82 95 15 48 23 16 31 80 82 44 5 18 58 95 16 94 57 63 25 51 23 17 2 68 52 86 74 31 87 89 65 6 59 69 88 39 77 54 50 21 76 78 63 61 14 80 81 82 
99 95 96 54 95 59 93 86 8 72 35 40 5 34 98 46 34 71 40 11 90 26 55 33 14 22 58 87 51 17 10 83 16 98 12 40 82 14 68 33 74 0 37 86 31 49 97 68 27 66 73 45 27 76 93 48 40 85 80 85 68 73 4 96 30 40 93 34 45 48 2 63 70 8 40 91 3 37 62 94 8 36 4 98 54 14 52 73 61 80 36 29 37 62 61 59 99 42 17 32 
32 29 59 26 43 18 86 40 95 74 48 8 43 58 95 8 83 13 34 74 84 95 80 48 98 20 68 4 57 58 59 77 32 40 20 34 58 1 46 89 73 16 13 33 5 59 92 62 87 77 18 88 24 69 2 84 43 66 50 35 57 35 3 79 73 33 81 79 61 82 33 25 11 85 84 72 58 4 81 28 74 62 18 26 60 94 19 6 18 11 86 7 73 70 88 48 35 1 71 18 
60 37 73 59 44 38 53 78 99 45 95 23 79 25 10 53 64 58 47 78 94 33 24 58 80 46 81 61 73 38 70 56 86 37 10 46 28 15 17 8 1 32 48 68 96 20 74 46 42 26 11 81 31 11 79 29 42 94 50 75 23 24 2 51 59 44 84 32 55 60 47 33 65 33 80 72 40 35 13 17 93 39 43 41 31 90 78 94 35 50 33 72 5 79 23 14 86 55 67 5 
76 35 13 44 29 25 43 59 62 0 77 38 61 56 5 62 67 99 25 65 59 14 19 44 80 13 46 56 70 76 27 91 66 68 90 86 37 50 91 61 83 14 27 91 49 16 28 43 37 27 70 16 46 42 16 1 61 90 93 73 88 9 41 10 92 17 65 14 20 46 26 48 56 79 32 18 40 68 72 16 11 87 85 10 30 66 22 95 45 20 75 75 76 40 49 39 24 76 81 62 
68 93 68 2 90 88 74 62 97 25 13 57 28 52 79 3 97 22 83 77 36 87 96 23 41 56 28 1 58 87 50 44 95 16 70 30 27 97 89 17 90 95 2 3 63 34 81 36 83 4 57 27 91 30 60 71 3 57 63 14 36 77 85 0 13 0 61 77 77 1 3 65 64 23 29 16 39 66 16 72 29 85 85 87 76 69 24 42 26 1 19 40 36 90 51 29 3 19 60 3 
39 18 90 2 82 74 14 62 83 97 33 93 78 45 42 86 0 84 61 66 76 64 67 55 6 29 20 26 85 17 72 69 0 66 68 90 33 76 60 74 87 90 91 94 78 95 74 75 32 63 12 38 24 7 67 86 23 85 95 42 56 86 12 5 93 12 92 28 24 45 68 26 21 61 80 33 75 80 8 13 76 69 56 57 31 83 35 53 67 81 89 39 91 34 13 47 92 50 1 73 
12 28 95 6 40 33 13 83 76 83 98 31 47 72 66 42 67 55 94 76 84 57 44 10 64 64 74 48 64 34 0 52 85 49 41 16 75 76 92 92 41 42 73 71 10 61 18 29 68 81 8 6 3 63 77 72 19 76 41 73 91 74 76 88 4 5 0 23 17 42 33 93 16 14 0 74 67 22 45 74 5 30 11 14 63 83 58 12 49 20 85 6 21 29 18 71 75 27 74 97 
26 43 26 84 41 57 79 41 54 12 49 10 0 46 98 32 74 61 42 69 71 51 3 85 35 28 58 27 83 99 40 70 14 96 7 82 23 38 73 49 77 7 3 4 57 21 30 3 65 26 88 36 64 40 62 3 71 50 90 91 40 26 27 85 16 82 57 23 90 73 2 76 2 82 6 47 19 89 34 53 80 92 86 25 27 63 86 21 20 53 28 77 81 32 90 13 97 10 77 21 
86 11 66 21 69 81 77 48 77 27 55 20 45 39 25 34 35 90 30 61 9 24 30 89 38 24 14 50 39 40 80 51 73 21 71 46 59 11 29 28 28 75 9 78 58 20 86 3 29 17 68 88 87 67 28 65 66 89 90 55 36 46 11 67 94 25 2 80 82 10 30 95 27 70 54 76 6 65 34 34 75 52 7 64 29 75 99 86 8 55 8 55 8 40 72 48 41 21 56 92 
94 28 84 42 26 93 62 23 9 82 55 5 82 11 72 7 33 80 91 34 38 10 29 83 23 50 14 54 64 70 74 28 1 48 39 85 90 26 58 15 96 62 25 46 36 66 43 80 41 35 39 75 23 17 76 41 39 59 9 27 38 66 98 79 48 47 72 24 14 7 39 63 26 71 7 36 22 73 47 76 66 33 14 41 35 52 27 49 25 9 64 37 53 86 97 20 42 86 26 7 
39 29 40 68 32 58 75 24 87 21 93 90 87 83 78 10 90 71 63 33 0 64 46 44 31 48 62 39 86 72 80 26 79 5 89 92 28 8 70 75 1 13 63 78 75 12 76 86 63 28 1 3 89 94 27 96 87 33 15 43 96 71 13 76 91 0 4 4 55 39 74 84 96 66 72 22 37 1 93 92 71 72 86 11 98 27 43 72 39 88 13 71 13 2 77 51 74 36 0 30 

Matrix 2:
37 60 81 25 76 67 9 21 22 80 45 2 91 52 54 2 57 41 90 44 13 55 30 74 98 52 32 17 95 18 9 42 23 65 96 42 43 13 51 35 30 67 77 1 80 36 54 33 59 37 16 95 18 52 56 17 52 22 97 10 56 36 34 15 90 5 72 7 27 21 60 61 44 52 50 48 75 38 93 36 92 89 21 2 22 81 37 27 19 73 88 84 44 18 3 12 72 90 97 71 
10 71 56 8 96 63 91 79 30 18 1 56 74 9 23 98 27 24 3 37 38 28 77 92 22 75 60 11 10 77 51 8 89 71 34 19 43 88 27 49 57 7 64 25 69 24 5 53 31 84 83 12 47 1 83 96 56 78 34 2 80 41 13 74 59 81 44 36 47 69 82 65 59 7 93 52 41 5 46 79 57 97 80 80 38 80 8 78 81 86 68 78 32 88 81 47 99 98 5 64 
56 99 52 40 22 45 73 77 98 36 63 10 93 36 9 9 72 40 20 31 99 9 55 16 75 88 84 36 71 62 73 24 84 69 17 23 60 65 43 64 92 38 71 41 59 22 6 75 75 57 40 47 22 28 92 57 7 22 66 76 32 60 65 14 69 42 2 89 26 0 94 57 68 47 3 86 53 23 68 50 78 74 52 21 62 92 40 8 28 62 89 74 54 7 90 78 53 10 14 46 
67 21 19 99 84 55 45 79 49 22 91 39 21 50 24 77 49 98 3 67 88 67 95 42 50 57 0 94 12 79 49 51 48 49 58 71 89 92 49 59 70 93 30 92 6 7 0 82 36 71 15 84 74 36 4 63 80 48 60 83 75 84 96 69 26 46 78 73 56 50 8 75 99 17 49 62 80 68 11 25 1 89 34 37 11 86 38 74 31 61 15 58 81 48 47 10 39 66 8 59 
12 39 5 35 20 84 4 89 9 75 92 63 46 24 84 21 23 2 84 54 37 77 86 7 57 80 97 19 71 17 69 89 65 57 58 97 28 47 41 32 82 15 47 30 74 61 94 97 29 10 65 42 75 57 45 45 40 69 57 91 11 24 74 82 87 6 71 68 23 84 25 15 0 52 44 81 98 19 52 21 51 83 43 40 75 73 30 85 75 72 2 23 26 88 16 64 54 54 8 4 
62 81 35 53 40 20 41 51 30 23 50 60 24 65 36 9 12 84 32 97 53 34 23 43 47 55 85 51 79 22 76 45 56 82 98 60 78 76 70 10 31 53 40 84 60 10 27 13 45 80 39 55 93 40 20 80 13 59 3 73 16 37 96 48 91 88 90 85 9 55 32 34 2 59 61 23 6 19 18 28 21 19 44 52 34 54 6 8 30 68 34 32 53 63 10 97 2 33 33 28 
36 58 68 44 67 72 57 43 25 97 81 45 47 46 84 20 56 82 0 53 72 73 92 75 27 49 57 73 35 3 11 87 35 66 28 9 96 36 37 54 75 33 77 95 14 25 62 57 68 55 84 0 28 65 23 63 37 15 8 51 52 26 32 28 24 48 5 10 28 91 25 56 6 61 47 35 6 24 81 98 23 94 24 5 54 9 14 40 33 58 34 82 51 38 59 1 81 52 10 64 
29 99 68 57 6 45 32 18 89 17 77 84 50 9 90 7 95 48 62 30 63 55 6 44 17 36 2 72 29 69 1 84 7 68 88 93 98 54 38 5 38 31 72 64 98 83 78 98 98 11 96 63 28 17 19 18 50 14 56 34 50 54 51 39 41 4 63 12 77 85 69 94 53 43 87 52 54 1 5 73 65 37 15 10 73 95 70 37 4 46 93 66 34 38 0 29 94 51 93 5 
46 22 0 58 19 85 72 29 1 35 44 63 88 7 83 94 73 85 47 49 70 0 5 99 46 50 76 39 56 26 24 95 64 48 86 20 81 30 46 53 6 44 42 26 52 64 25 22 4 94 28 73 61 25 61 84 46 60 99 72 19 34 82 83 35 59 84 2 34 59 5 36 37 66 78 74 91 47 24 73 85 76 40 51 63 58 50 79 85 93 87 55 61 97 23 8 60 92 22 1 
2 24 95 30 60 86 76 39 62 3 62 79 76 37 10 59 70 50 83 44 83 62 23 42 31 10 79 10 39 27 99 38 66 76 69 62 76 44 57 89 65 49 49 20 93 48 48 58 52 21 90 18 32 56 90 62 1 8 93 49 40 78 62 74 68 99 5 0 43 58 73 64 79 89 6 53 84 12 7 22 42 25 95 63 12 30 99 70 20 41 65 97 89 81 27 17 99 50 87 75 
56 10 33 3 90 57 41 6 3 49 18 73 0 63 55 84 13 21 0 73 64 92 7 46 84 75 73 49 0 71 71 47 17 99 19 4 96 56 94 14 54 84 62 91 85 21 57 25 87 59 63 72 74 67 28 44 29 15 43 3 26 12 50 87 47 46 3 27 96 17 62 22 2 37 77 60 6 92 87 12 96 77 30 83 67 40 19 4 9 1 74 31 68 59 57 47 40 69 65 30 
52 17 26 99 47 81 64 16 62 99 47 50 75 47 54 2 74 78 27 95 60 3 4 2 6 48 83 37 4 84 68 91 96 27 76 98 77 23 6 40 99 44 53 86 39 29 89 2 93 39 80 36 99 93 23 21 81 21 41 67 44 51 58 97 7 0 81 40 70 85 31 16 84 70 8 50 90 36 21 73 70 94 51 2 45 21 73 37 40 48 72 20 94 83 70 87 75 56 35 26 
53 58 14 16 4 13 8 37 95 8 85 64 88 28 60 74 36 8 89 4 41 87 94 97 3 65 52 18 68 90 84 81 20 52 65 85 82 70 21 91 7 88 76 60 49 48 84 13 77 81 61 12 56 58 96 66 94 87 16 79 85 66 90 13 10 39 65 98 41 77 9 91 87 47 77 1 16 47 19 93 40 45 88 13 48 22 14 21 43 77 10 82 74 54 50 36 49 54 74 45 
99 63 14 23 51 95 11 29 46 49 46 66 57 98 32 22 95 96 22 2 6 57 65 0 11 67 8 43 13 5 34 89 55 44 1 47 58 12 76 87 39 51 75 60 53 59 96 95 71 87 26 60 32 99 61 31 24 96 54 38 8 66 25 84 60 2 93 81 85 8 84 9 86 8 81 3 93 75 90 58 80 56 68 52 49 2 21 56 53 92 66 61 98 74 8 74 74 1 30 17 
47 31 68 73 8 44 35 7 43 57 27 87 77 94 74 76 36 44 28 52 82 97 46 80 59 85 12 34 61 50 15 18 20 92 73 2 18 23 63 43 39 23 20 62 58 8 3 98 32 29 7 11 10 93 91 99 56 77 11 58 77 56 44 99 71 76 65 15 9 39 57 64 53 22 26 69 73 18 35 1 22 86 75 86 7 82 86 1 38 62 98 56 14 71 35 96 86 97 95 79 
45 4 53 29 28 49 81 69 89 2 71 79 46 35 14 42 31 81 76 2 68 74 91 27 17 27 41 60 19 21 25 78 57 99 31 41 23 32 12 91 81 6 58 51 75 88 82 34 21 7 36 94 36 97 33 6 67 16 36 78 76 58 85 21 54 82 76 62 45 52 85 80 49 38 25 5 92 58 59 40 36 25 11 36 62 65 75 69 54 83 74 69 24 79 75 39 24 20 2 76 
5 63 65 85 16 79 20 12 96 46 57 8 39 24 76 88 4 53 42 65 36 54 69 52 30 71 56 75 35 51 90 35 54 10 53 54 43 46 65 69 61 26 5 37 54 10 52 0 74 19 27 4 61 75 93 31 83 98 30 6 66 62 28 83 36 99 35 42 8 7 6 11 1 10 36 80 54 0 68 38 20 53 4 60 26 84 93 41 24 20 89 36 40 37 84 44 2 35 87 23 
7 84 80 80 9 8 40 83 51 12 4 61 50 14 26 71 55 65 10 50 27 19 40 28 28 98 80 13 37 70 1 54 45 42 44 91 45 70 41 27 28 67 64 48 82 0 17 98 20 34 97 65 80 20 30 91 6 60 76 23 79 4 92 29 67 77 2 85 93 48 15 32 57 56 45 98 89 80 23 0 66 88 91 83 42 39 20 42 95 33 71 8 19 73 57 19 79 3 63 91 
94 31 97 84 83 44 4 46 23 96 34 36 31 3 87 15 34 14 56 7 92 47 70 38 23 74 91 49 4 53 61 40 58 99 46 57 97 36 94 82 82 27 19 52 40 85 98 41 83 74 35 23 6 2 53 22 99 89 44 3 50 82 25 7 40 98 49 22 71 22 3 16 49 56 57 28 75 77 42 47 45 55 31 94 63 0 18 47 15 24 78 21 73 88 73 95 69 54 60 44 
87 66 11 89 16 54 18 83 18 52 25 78 9 60 31 96 54 82 11 73 5 54 1 87 72 38 59 41 39 23 23 27 75 84 4 6 11 7 26 19 95 30 41 53 71 23 72 82 64 77 69 17 95 93 57 66 14 54 54 41 75 58 55 57 41 91 98 93 28 59 93 69 44 54 34 2 61 30 96 76 12 37 2 11 75 19 52 1 68 48 80 25 26 46 21 60 42 31 5 58 
91 65 46 79 71 86 24 97 76 77 82 62 9 98 24 66 26 70 15 64 69 28 37 1 69 98 89 75 78 57 63 7 94 51 70 88 56 15 80 14 25 61 49 14 28 13 12 73 32 12 39 18 98 93 56 46 73 33 84 69 16 52 54 99 74 55 21 55 75 80 62 89 24 62 96 35 84 90 70 84 4 22 43 91 94 44 20 10 1 15 92 73 23 69 0 84 42 51 37 69 
65 50 91 82 88 66 43 82 40 69 14 93 63 25 93 21 33 4 17 11 54 78 24 28 84 5 31 38 59 53 88 64 73 0 5 52 67 60 72 79 17 91 46 89 7 82 46 67 18 58 13 49 49 90 2 38 31 80 98 34 18 68 62 16 66 31 15 88 2 91 39 54 51 73 70 72 33 79 19 47 63 50 29 25 91 56 65 89 73 6 75 9 46 36 13 35 23 71 25 57 
92 80 76 28 94 80 84 65 88 15 77 11 11 26 73 25 76 56 18 16 21 82 84 23 13 60 17 97 30 4 12 59 51 62 65 56 60 84 32 22 57 48 89 94 64 60 64 32 69 38 13 37 80 90 79 50 6 55 85 41 68 67 75 94 13 36 10 22 2 49 43 18 5 9 74 89 30 94 28 19 71 6 81 1 26 18 28 50 64 59 30 18 74 47 34 41 6 83 99 86 
53 3 16 26 73 24 75 24 31 97 47 14 9 7 61 62 77 10 49 91 54 31 43 85 59 49 19 67 78 94 69 33 55 19 30 53 24 82 42 11 94 43 62 52 64 55 45 24 72 38 75 11 56 69 2 44 36 43 67 71 46 54 2 8 22 98 67 14 50 66 52 93 4 37 97 37 49 2 29 99 76 27 89 56 50 63 44 36 53 21 30 13 1 82 86 0 88 3 53 15 
68 58 0 9 83 56 29 55 4 19 34 4 62 79 51 44 25 60 30 37 89 4 95 23 87 65 87 57 94 38 22 8 96 19 10 40 40 24 13 48 34 72 94 17 43 52 84 47 17 37 68 40 47 8 73 84 28 15 26 8 1 3 34 83 92 18 6 93 79 36 48 15 81 61 12 43 86 5 91 19 85 75 80 91 93 82 25 65 2 10 98 98 59 34 84 38 37 60 77 63 
17 29 61 52 48 57 7 77 60 64 62 82 98 13 51 26 41 16 21 80 76 58 8 1 27 98 59 59 27 41 61 29 30 79 71 94 60 12 91 48 22 23 6 15 64 54 68 43 77 68 5 81 23 2 39 27 98 41 56 33 27 28 9 46 66 13 77 16 87 53 79 32 92 11 61 59 32 62 80 62 84 17 9 55 41 78 28 63 13 63 61 81 26 19 21 43 55 84 26 70 
2 24 51 80 92 98 73 18 6 21 29 62 19 90 15 14 92 4 61 55 16 40 84 73 0 38 97 20 67 37 45 56 35 76 79 14 48 13 58 23 17 36 82 31 45 44 40 15 23 55 63 30 51 86 71 61 85 29 33 25 57 42 23 66 3 20 79 7 95 66 40 49 57 43 63 22 63 22 22 47 68 63 57 23 34 70 41 96 59 37 13 30 47 84 97 20 58 67 15 56 
41 75 58 67 59 45 51 38 60 0 90 13 40 17 30 95 82 89 71 23 55 99 53 3 60 49 97 94 59 87 11 23 76 77 71 94 45 88 74 9 85 13 16 21 8 27 22 76 7 37 20 83 62 20 50 93 67 49 54 14 59 48 12 83 46 75 5 53 63 1 72 78 90 32 49 47 68 83 67 8 70 96 98 40 53 93 44 42 50 48 93 13 33 65 74 34 77 46 56 81 
9 49 51 65 66 13 13 41 27 90 56 68 37 14 29 89 48 33 86 90 69 38 95 59 97 73 49 88 19 45 95 1 95 90 18 63 24 3 65 7 90 36 26 63 91 16 81 56 20 55 51 83 71 40 21 92 71 4 81 11 78 50 45 92 95 77 10 30 1 76 56 12 22 44 3 20 18 4 85 49 68 31 38 92 76 75 83 94 58 57 21 26 9 69 25 89 63 81 4 90 
9 24 41 89 56 26 75 71 48 79 79 44 66 30 27 26 17 35 34 3 77 65 66 29 38 3 3 54 31 26 43 34 95 11 3 96 89 20 37 68 35 54 86 7 61 59 87 29 29 9 84 44 84 74 61 89 37 57 46 29 10 71 36 86 10 24 39 62 31 48 88 88 23 47 69 14 77 7 45 12 98 68 44 80 58 26 63 25 30 85 42 15 44 10 21 10 92 61 8 46 
23 55 5 80 0 35 76 61 97 38 25 5 8 90 98 75 97 7 48 98 59 59 84 30 11 33 95 94 84 14 1 35 45 30 59 72 77 62 6 13 32 35 93 63 7 5 1 3 21 45 91 97 62 25 79 27 89 80 76 9 99 73 96 27 42 95 89 39 32 4 6 48 93 66 9 39 49 50 88 34 86 54 41 92 12 5 83 44 9 65 13 71 70 70 10 62 56 89 5 82 
47 61 84 90 42 32 75 14 1 71 2 70 28 67 83 43 6 74 77 34 35 46 77 86 95 77 33 5 66 64 4 43 18 55 15 6 20 16 16 42 72 55 3 16 23 4 87 41 31 45 67 78 41 45 29 62 24 26 31 21 86 86 31 60 85 82 34 89 80 97 69 25 18 97 53 68 45 43 78 37 12 72 11 95 50 8 72 74 29 30 61 62 53 88 81 1 87 23 53 61 
71 47 98 50 4 90 66 2 78 97 80 0 93 91 2 24 44 59 89 93 67 94 44 22 13 78 64 17 93 4 46 94 36 83 38 67 32 60 65 69 93 61 51 84 82 36 44 34 60 93 67 56 84 27 96 85 94 87 32 83 42 65 1 61 21 5 35 51 78 69 22 5 82 54 14 19 70 12 43 91 55 66 24 12 97 6 23 3 63 23 62 46 28 51 54 9 43 59 65 10 
80 7 9 73 74 80 2 90 96 26 40 15 1 26 59 84 21 47 20 29 58 20 91 98 87 21 31 30 56 28 26 60 81 52 76 48 37 79 1 30 77 25 16 4 66 28 60 31 96 2 32 45 84 6 72 37 96 54 94 85 83 33 13 42 11 89 91 80 58 5 0 57 13 65 12 77 54 73 8 36 64 28 45 66 74 97 24 4 89 28 2 46 24 29 52 41 62 99 71 81 
66 82 3 89 78 39 72 93 50 45 45 61 2 69 59 20 7 72 80 54 23 13 24 28 45 86 33 51 78 95 5 47 19 4 73 29 9 9 17 54 43 0 33 8 30 11 39 23 20 68 35 14 68 81 33 25 56 26 43 56 62 70 27 29 64 80 64 62 88 47 77 52 17 14 54 82 25 63 90 63 14 14 46 84 61 94 11 48 60 44 76 21 87 36 28 63 26 41 13 72 
36 86 3 37 24 74 22 43 39 24 72 16 39 16 86 97 20 14 74 99 56 71 82 29 70 58 13 37 65 21 15 83 53 92 96 17 12 59 58 1 27 76 98 14 9 49 38 32 90 55 84 98 59 84 42 31 34 56 89 26 53 41 27 95 60 64 6 19 1 5 47 20 34 58 58 52 69 83 96 12 58 1 67 4 24 79 5 40 39 48 64 69 55 91 71 73 49 66 73 66 
94 88 44 78 14 52 43 93 78 49 90 27 77 91 47 46 33 31 52 26 12 54 14 93 86 28 68 33 87 50 2 5 89 86 26 60 16 8 71 40 8 79 56 40 79 38 87 44 41 82 71 0 78 46 44 17 9 65 98 11 51 71 9 90 55 78 82 18 68 12 84 91 16 24 26 0 60 44 26 16 86 47 89 18 8 51 82 64 19 48 88 30 30 92 62 38 64 85 4 9 
54 92 24 85 98 63 82 89 27 42 79 7 49 15 95 92 63 6 81 59 48 38 16 4 72 35 43 76 14 50 68 34 54 23 53 39 57 97 55 60 70 33 62 55 96 89 1 80 88 23 19 15 96 98 9 40 93 42 51 59 66 49 11 9 40 29 21 72 17 91 54 9 23 27 53 69 83 39 23 13 89 8 70 89 16 56 77 88 93 2 62 3 38 27 39 65 59 93 23 37 
65 85 24 94 83 19 6 61 80 93 1 0 90 77 77 57 67 62 36 29 19 78 40 25 39 46 16 9 94 42 16 20 60 60 37 10 10 13 48 59 17 7 23 78 7 32 68 30 40 66 32 61 39 53 13 1 36 71 46 60 56 95 78 34 1 20 70 84 31 43 17 67 39 1 97 4 23 85 1 37 24 91 82 15 98 27 27 29 95 46 57 88 41 81 23 2 43 69 19 71 
40 62 96 36 33 38 15 22 31 84 35 90 66 50 30 92 6 69 0 75 34 6 71 92 33 30 96 72 43 28 79 52 53 34 12 33 49 38 69 45 66 75 99 66 83 54 12 18 45 28 99 25 91 72 5 1 8 25 97 83 22 57 43 26 42 37 66 72 54 71 89 28 5 42 4 27 52 92 2 89 71 23 81 69 24 62 33 43 4 94 76 85 91 89 38 98 24 29 26 63 
56 16 19 16 58 49 10 80 89 97 41 38 25 53 6 52 33 8 16 4 31 52 39 98 56 97 74 39 5 78 20 72 72 99 74 53 33 41 12 50 35 35 12 28 42 89 1 90 92 97 61 85 29 6 99 2 46 50 96 9 6 27 73 83 8 80 27 24 12 49 28 25 54 68 60 74 19 51 83 35 83 33 17 4 28 86 28 58 65 95 28 0 27 8 66 34 58 95 10 64 
73 95 57 49 25 29 47 67 83 43 20 25 42 40 84 41 80 36 36 55 36 70 47 72 76 22 89 10 46 13 87 67 78 60 56 14 6 21 43 25 71 43 37 69 93 53 77 8 79 78 96 85 65 20 41 45 65 38 41 15 82 60 80 74 48 67 73 63 27 60 79 89 41 39 74 64 81 77 40 1 20 68 65 50 17 67 46 34 4 47 31 19 10 41 80 1 83 38 36 1 
45 31 75 88 33 71 32 90 93 36 34 92 41 98 85 94 32 47 27 22 46 61 75 46 91 30 79 62 99 12 47 43 1 62 40 31 78 61 75 85 65 19 4 52 23 83 53 20 91 68 32 13 42 17 80 75 41 46 38 50 66 8 1 23 49 89 99 12 76 9 72 96 41 64 64 77 42 80 23 15 93 18 84 23 69 83 6 81 97 42 0 6 85 25 8 37 51 86 13 41 
10 26 34 32 63 63 19 18 36 6 78 2 66 33 18 78 22 17 57 60 72 39 85 95 11 63 79 57 73 20 4 5 92 3 39 38 15 64 33 93 94 75 40 88 91 37 85 3 70 30 22 49 37 64 95 69 93 89 12 40 91 45 64 48 71 19 92 74 53 78 89 16 94 15 89 27 88 50 54 28 24 78 57 17 28 60 42 80 61 72 38 83 2 62 16 70 7 50 36 9 
24 10 23 24 77 76 59 97 82 92 18 43 51 38 68 15 27 32 11 57 94 28 65 24 87 89 50 5 12 70 74 9 33 56 9 62 64 85 71 12 62 94 12 81 98 12 74 3 3 17 74 46 97 20 54 76 90 34 95 5 42 26 6 10 60 69 18 44 12 20 16 51 79 47 7 20 26 4 31 60 53 76 33 54 18 22 19 90 9 40 49 80 60 67 40 75 58 39 66 71 
92 14 43 13 41 15 19 97 36 93 13 32 18 44 11 23 68 44 56 74 28 58 21 26 51 16 44 96 12 14 14 14 22 6 66 85 96 84 90 80 56 94 77 14 33 43 56 70 75 97 39 24 4 11 71 26 49 75 2 61 96 16 98 74 72 66 64 27 85 48 29 12 94 39 91 98 67 98 10 16 68 56 11 9 28 18 92 34 35 57 98 14 99 48 96 33 89 83 9 72 
7 30 39 61 43 64 52 39 25 8 49 33 12 68 32 73 5 50 86 62 93 66 77 23 28 90 20 69 44 93 81 84 2 3 71 32 90 96 97 84 75 81 99 91 66 77 20 89 43 37 10 96 73 14 80 75 12 6 49 19 19 55 49 69 25 53 68 89 98 31 74 48 95 6 15 33 32 8 14 21 12 56 68 5 43 78 70 1 15 7 64 4 78 93 91 9 32 70 39 38 
29 74 88 9 45 55 79 61 30 90 75 52 90 14 44 55 32 37 5 74 31 34 34 28 69 12 58 80 47 73 16 44 40 19 62 68 59 84 88 33 75 72 69 19 53 75 78 3 29 36 2 50 10 95 47 59 73 84 77 11 9 89 86 93 96 20 5 38 73 28 74 14 32 9 44 0 80 4 51 98 25 81 38 14 45 58 64 84 33 12 38 69 0 56 77 72 12 75 53 46 
51 98 76 46 50 76 59 33 87 57 69 93 68 10 38 94 75 61 18 76 7 29 14 54 31 14 24 62 50 85 15 68 19 48 62 76 94 6 83 7 37 61 93 15 68 95 26 69 95 83 88 41 37 83 1 69 55 87 78 84 27 21 90 4 40 95 66 64 79 49 96 44 51 47 88 96 56 78 34 16 34 96 2 44 71 57 64 76 82 90 69 22 18 73 5 5 68 86 24 15 
54 61 37 97 26 60 9 86 0 56 36 70 95 23 72 88 39 65 42 69 85 65 99 13 51 64 63 71 49 47 42 76 12 54 69 41 39 84 92 66 57 60 18 43 7 14 70 30 26 64 45 19 31 16 34 49 12 47 45 22 69 90 26 76 17 3 69 11 21 5 77 64 45 62 72 61 8 86 56 68 57 11 0 52 6 78 88 0 82 31 43 25 51 81 64 57 53 24 99 34 
68 92 99 99 13 61 50 44 48 43 52 82 52 75 75 51 38 72 68 0 36 40 87 67 41 51 18 73 38 96 39 71 67 55 19 26 71 91 14 52 70 55 62 24 24 98 50 38 93 13 23 67 58 88 4 77 87 38 32 5 84 99 41 51 37 11 56 83 1 39 67 83 77 63 78 2 94 34 47 26 89 70 92 25 72 29 68 85 53 61 71 94 78 3 98 32 54 58 10 4 
42 15 22 25 21 62 83 30 15 34 51 7 29 8 62 12 1 83 33 40 76 9 51 7 0 64 65 89 80 94 31 27 14 51 33 64 2 73 63 21 62 22 42 29 96 8 90 42 79 96 27 60 35 76 9 15 80 73 14 53 44 25 96 3 66 50 39 19 6 29 59 34 76 62 84 83 40 20 56 53 38 70 45 87 17 53 84 87 83 58 14 47 94 42 57 89 62 89 61 84 
19 11 80 32 66 26 4 20 41 25 50 15 58 49 65 61 25 69 11 32 39 43 23 41 87 21 94 9 60 0 82 40 85 54 74 45 7 45 16 98 27 52 64 32 66 49 16 97 45 22 59 20 32 58 88 39 43 27 95 8 87 58 89 44 84 35 37 99 76 96 68 18 48 87 94 85 41 17 27 68 73 13 81 29 98 86 53 90 55 37 18 35 50 70 78 44 76 95 77 91 
60 72 28 79 8 41 34 61 88 10 29 93 63 53 1 77 14 28 86 16 9 22 72 90 6 63 35 22 69 53 3 82 70 69 84 35 83 27 99 27 80 3 51 71 40 10 66 70 63 4 89 56 90 30 36 27 45 45 17 46 52 66 69 97 3 0 66 6 55 88 62 53 34 73 4 43 76 28 75 98 60 77 73 79 98 99 49 87 18 20 1 65 52 2 32 73 61 41 10 90 
95 18 90 3 46 38 59 54 98 31 98 73 91 67 75 74 31 45 83 84 83 41 46 45 11 13 85 9 59 88 0 61 69 70 63 18 26 7 57 85 8 17 56 33 12 16 36 19 51 86 55 23 91 46 12 11 69 16 81 25 42 79 51 63 88 0 7 85 57 47 63 79 32 99 81 21 90 75 85 52 66 98 86 96 67 17 81 75 89 79 96 61 95 24 43 41 2 92 14 51 
87 22 33 41 2 82 33 27 97 97 84 19 20 28 69 5 50 81 41 22 28 99 70 16 75 87 34 66 54 38 57 48 82 74 85 85 47 21 29 98 13 76 10 1 61 1 52 96 14 11 27 60 79 67 61 23 23 42 74 16 40 61 75 27 76 53 95 44 55 84 16 34 29 48 6 80 80 22 18 87 58 40 13 72 43 21 78 7 9 99 16 85 61 4 14 82 65 55 6 55 
29 1 41 32 8 50 93 39 48 26 91 27 13 66 52 55 8 44 7 96 85 33 32 92 86 61 46 81 48 46 16 12 1 49 8 29 43 39 90 27 2 78 10 86 5 65 86 65 92 72 94 38 13 84 75 7 95 39 25 31 31 46 78 95 69 13 43 22 94 42 94 86 26 84 66 55 8 90 56 60 97 46 82 34 40 77 77 50 83 35 62 46 31 73 5 69 16 25 36 12 
50 95 41 84 91 89 84 72 56 5 79 35 10 58 90 41 23 50 96 39 99 81 31 70 64 51 34 29 26 77 45 69 56 46 94 32 74 20 16 60 25 54 38 64 10 12 76 34 74 41 70 53 42 32 83 72 54 97 66 50 99 21 74 29 43 20 86 92 4 14 3 28 89 42 44 95 5 97 7 51 35 61 43 19 53 87 74 24 48 68 62 43 95 61 93 61 61 60 29 8 
28 49 91 8 61 79 37 65 58 97 74 85 12 97 99 52 85 70 64 45 35 50 24 19 87 88 31 13 14 25 68 24 10 3 56 32 45 9 3 7 50 41 27 74 69 28 74 24 74 0 47 43 41 39 11 17 42 43 28 83 51 61 39 62 74 29 0 98 70 37 88 12 72 32 56 79 48 58 86 47 80 88 11 64 97 66 74 49 11 47 61 98 94 21 89 17 42 53 14 88 
91 2 92 97 74 63 58 32 75 16 99 95 50 33 81 97 56 77 46 86 7 23 27 3 83 86 96 70 67 91 11 13 48 91 26 44 67 95 55 34 92 66 36 1 48 33 67 22 64 79 45 73 84 24 48 51 67 95 7 94 10 96 23 87 16 90 5 4 47 18 2 50 0 80 21 75 78 95 93 62 65 29 72 27 68 4 13 45 41 92 35 25 40 42 31 58 31 59 40 54 
11 19 35 25 47 15 11 96 56 84 58 32 77 40 69 19 41 85 31 94 28 46 49 99 2 54 38 36 9 4 40 56 51 10 97 80 15 92 53 28 13 60 25 23 23 72 16 16 3 50 54 98 79 58 97 61 92 54 12 31 61 44 62 15 5 97 77 7 35 14 43 17 12 89 65 61 82 4 4 63 33 30 87 51 12 65 37 49 30 6 4 10 91 23 14 23 5 73 89 54 
4 5 97 40 61 14 13 78 55 87 51 90 73 87 49 27 82 78 12 43 94 10 60 1 99 22 78 7 98 91 70 59 55 33 67 56 22 23 9 72 35 76 72 37 28 34 76 28 95 45 91 40 4 16 43 96 32 75 57 92 2 87 35 90 16 76 89 89 3 42 47 12 17 98 17 18 49 60 26 81 66 42 4 57 61 71 58 45 20 65 74 70 65 91 51 31 51 42 20 71 
90 63 76 39 68 96 85 46 28 39 1 66 31 0 17 40 14 4 23 73 42 69 5 89 78 15 81 27 33 55 67 9 19 47 41 2 39 11 71 29 64 21 39 17 72 37 6 63 96 76 65 3 77 21 78 13 43 21 90 15 96 83 54 47 54 24 39 93 28 68 71 27 18 77 27 95 75 90 71 99 78 1 84 74 71 13 85 71 22 75 49 87 45 30 12 11 71 34 46 16 
35 67 33 75 3 57 29 50 34 33 90 84 70 31 23 44 85 96 20 39 95 40 93 21 15 85 54 5 3 60 86 50 40 45 35 99 99 4 70 50 58 21 28 8 6 60 60 50 16 95 73 6 63 85 93 47 38 93 44 66 4 9 15 28 27 2 13 58 13 35 65 22 46 96 79 80 52 68 48 6 41 48 63 63 61 23 12 4 46 81 18 56 19 74 20 33 48 32 7 16 
84 64 6 65 35 47 15 20 3 65 44 57 26 65 8 64 3 77 32 72 53 82 51 99 38 95 61 89 6 19 48 71 89 37 95 4 60 2 10 2 12 54 89 94 95 14 36 59 91 99 23 37 40 22 67 33 28 30 51 30 86 20 1 32 27 17 81 21 61 47 99 69 30 64 30 48 4 34 86 69 83 70 49 23 88 21 34 1 61 45 76 68 41 72 4 24 13 94 91 4 
56 97 31 80 99 35 58 40 78 84 99 79 33 21 28 13 21 76 55 79 17 82 81 70 23 1 67 31 64 2 24 56 38 3 66 32 0 20 88 83 59 21 24 77 54 0 45 39 68 44 0 17 45 54 63 90 99 0 33 23 10 5 33 28 70 4 3 8 16 67 1 80 35 43 81 77 1 5 13 14 44 15 82 58 32 59 48 19 82 71 77 8 84 67 92 74 97 76 59 88 
71 53 88 12 27 31 51 94 25 57 63 0 61 99 10 41 5 10 46 38 4 64 76 3 37 95 67 42 68 33 1 86 93 37 84 16 11 63 80 3 85 50 26 74 67 9 51 34 58 3 9 57 74 21 87 30 24 1 34 92 57 2 42 75 87 18 71 29 67 40 13 95 80 54 90 84 73 52 44 18 51 49 31 20 85 55 69 44 85 29 82 26 26 17 43 58 97 50 32 82 
78 4 3 44 50 99 58 14 81 67 34 37 4 9 55 10 36 61 37 50 17 89 17 44 76 76 81 22 93 21 3 76 78 75 21 17 28 10 34 94 72 85 97 34 26 52 75 55 85 81 46 37 70 21 11 3 90 95 49 41 89 43 10 74 82 95 63 39 81 59 84 13 98 40 56 0 16 78 12 37 69 18 90 41 48 24 16 66 81 45 17 98 71 64 18 15 29 31 48 13 
11 89 55 65 97 99 92 81 57 79 78 86 34 36 24 5 36 35 88 38 65 72 98 26 48 88 62 7 78 53 92 90 44 26 71 23 58 70 95 43 29 7 86 33 2 89 98 71 56 20 71 84 42 4 72 30 45 42 36 82 76 54 44 38 62 85 25 32 85 58 7 41 59 22 35 98 36 44 89 27 33 24 52 47 0 15 77 59 27 73 40 64 22 94 32 39 57 69 83 77 
88 91 12 58 10 3 58 7 6 51 64 52 3 77 39 98 24 25 34 68 75 42 68 28 77 42 35 3 14 75 70 6 54 49 21 27 21 77 29 62 54 57 1 53 74 41 19 17 50 21 41 70 66 75 52 31 60 72 32 52 13 50 21 62 41 39 41 13 98 83 82 62 19 8 87 89 96 89 97 8 27 92 65 87 35 82 96 74 32 75 39 14 68 99 66 13 40 20 51 53 
71 66 99 32 35 89 26 88 12 51 21 27 70 59 86 2 94 30 37 77 3 95 88 36 9 6 77 47 88 1 82 80 84 10 85 50 29 0 3 39 90 60 48 53 9 6 39 25 82 62 46 62 61 93 68 4 50 73 98 76 12 0 54 52 24 85 81 11 87 82 25 93 3 35 12 27 68 22 66 27 40 93 23 62 72 86 49 9 37 39 93 36 62 6 56 65 53 12 74 28 
19 5 27 81 7 0 2 61 98 76 71 76 11 41 82 9 22 43 56 42 48 24 89 24 4 86 36 46 83 83 12 14 16 77 45 28 43 11 8 45 16 42 50 61 44 79 0 62 1 17 33 70 23 11 23 85 91 44 33 91 34 33 18 73 71 17 52 9 49 59 35 66 65 91 95 73 56 47 24 62 68 9 21 3 81 53 6 69 45 69 68 16 2 54 50 74 15 65 45 42 
61 38 22 7 88 84 5 75 41 46 36 30 45 69 23 91 56 61 23 75 11 65 16 52 53 16 77 65 60 40 9 25 32 61 29 93 27 98 72 88 26 1 91 74 19 46 97 25 81 99 89 56 31 95 45 76 25 62 73 19 48 10 1 36 89 6 66 76 77 96 13 3 12 99 14 5 77 66 89 9 48 61 82 37 53 1 94 60 36 75 22 85 30 92 98 14 76 58 87 6 
16 49 26 72 68 61 58 79 5 39 7 20 63 9 23 96 26 29 16 99 49 9 63 82 53 37 56 9 87 66 29 76 85 24 78 33 7 61 31 24 7 31 5 5 84 89 92 46 73 82 30 76 56 10 49 31 91 71 37 78 30 9 7 27 25 74 80 75 63 43 98 89 44 51 76 5 62 54 42 94 86 63 7 37 93 70 7 42 34 82 93 94 99 83 17 3 56 50 88 69 
81 31 13 65 22 15 73 31 34 34 49 79 77 27 0 88 44 12 66 54 73 16 75 72 15 49 15 55 8 3 68 20 60 81 37 18 59 75 93 38 63 69 91 1 35 68 37 17 71 99 55 71 60 27 71 6 36 85 97 32 77 78 34 22 94 88 96 83 2 38 76 34 59 58 84 0 96 98 78 43 92 40 78 20 9 14 48 1 6 93 6 99 4 68 67 96 23 67 82 3 
85 49 45 31 65 12 64 24 23 38 54 73 96 60 43 7 84 45 34 84 6 45 81 76 40 57 27 71 72 62 83 34 17 70 38 7 44 36 95 52 88 47 3 8 18 10 23 80 84 17 64 2 29 67 0 4 67 96 68 24 90 36 7 46 2 75 84 72 41 16 81 6 44 98 21 25 56 70 20 69 53 89 68 91 71 75 14 2 97 67 24 17 90 11 39 42 34 50 53 29 
60 63 70 86 61 28 77 28 41 84 20 52 33 54 86 71 46 25 24 73 77 67 36 60 56 53 0 57 0 32 43 90 59 30 44 70 55 97 73 4 64 25 82 72 70 32 1 68 1 31 69 52 60 73 72 58 93 99 91 39 78 25 5 2 98 92 44 54 1 92 79 53 39 90 19 3 82 52 52 62 54 19 18 98 22 88 51 76 21 39 43 8 98 83 13 88 45 33 49 94 
89 13 52 79 65 31 26 71 12 94 51 64 41 95 84 61 49 63 52 16 66 82 4 47 95 39 35 25 4 96 50 56 14 36 8 2 1 23 43 23 90 50 90 92 54 98 57 59 14 36 18 67 85 41 51 33 49 43 46 51 96 86 35 91 71 93 16 72 52 21 50 82 7 64 51 85 28 6 92 64 57 96 99 77 4 92 18 3 73 53 70 55 82 13 10 58 7 37 73 41 
66 75 34 93 62 67 96 37 53 28 81 77 39 74 87 62 68 82 91 58 37 31 67 4 9 70 37 3 72 36 51 31 57 89 52 27 55 20 83 38 16 20 25 79 23 85 1 83 14 5 18 4 91 14 47 64 40 32 46 88 51 77 45 91 98 48 90 62 66 96 55 73 76 7 17 78 88 74 72 19 78 71 58 58 68 33 30 86 30 31 62 38 90 68 16 66 98 77 59 75 
11 13 46 32 12 56 88 61 80 41 89 97 53 64 24 66 21 38 43 49 85 49 50 15 87 19 77 71 2 69 11 58 79 78 58 46 1 56 57 63 53 38 75 87 38 27 27 89 48 15 9 94 97 57 74 27 0 86 69 76 58 98 48 6 90 87 62 18 32 41 76 97 42 90 7 52 38 30 38 31 88 15 72 42 45 97 15 5 55 81 12 82 69 57 18 93 65 71 25 9 
43 26 41 76 44 92 35 9 64 2 87 34 88 19 56 1 41 80 94 38 3 47 3 60 98 55 98 48 5 43 44 32 27 90 77 44 41 60 35 41 0 11 60 35 13 12 27 89 93 52 63 38 16 9 37 83 61 90 43 25 65 76 61 20 88 97 86 36 26 26 79 47 52 78 24 98 36 44 48 84 66 59 51 81 11 22 58 55 55 84 65 81 86 95 27 15 12 13 24 76 
34 67 85 92 75 80 46 81 53 23 33 12 91 49 15 66 6 6 59 58 25 71 54 71 3 73 55 77 10 84 42 54 76 44 71 6 26 11 49 42 86 27 87 3 47 36 3 73 59 19 41 71 49 54 52 93 79 23 30 93 88 76 87 42 88 59 46 46 67 35 75 56 5 71 48 80 82 60 71 46 20 41 50 35 92 62 99 71 36 92 85 33 21 71 66 50 52 35 69 31 
53 28 20 9 85 70 71 43 47 27 40 57 83 25 38 30 74 22 76 42 13 58 53 74 40 35 42 61 34 63 42 38 45 30 91 62 56 29 72 85 67 12 69 16 86 87 17 32 28 63 36 6 32 33 35 95 81 59 83 29 2 23 96 61 56 90 54 37 38 22 87 83 70 52 91 35 31 3 94 84 78 86 17 81 62 2 52 44 39 39 78 29 15 99 75 34 80 13 87 94 
14 90 22 8 62 18 91 81 57 80 37 2 47 20 74 62 66 49 5 70 42 42 26 1 85 29 45 57 66 95 27 24 64 45 52 89 0 5 3 39 27 15 24 19 79 61 96 39 38 26 22 58 48 68 78 74 56 70 91 33 4 34 2 64 24 32 23 87 2 74 48 17 52 18 18 83 30 62 28 52 91 24 32 62 61 61 11 97 62 74 83 68 88 65 57 59 88 60 53 19 
46 39 13 71 35 73 32 42 93 33 14 57 54 2 68 95 73 35 46 75 35 45 78 62 61 36 42 51 31 89 45 37 47 14 56 41 9 91 48 21 66 30 39 74 40 46 69 44 74 75 82 80 39 36 88 21 77 68 47 91 40 94 56 91 43 59 64 52 75 24 89 10 39 96 52 76 59 88 47 96 80 70 23 14 43 61 48 58 6 64 86 50 25 73 51 75 65 28 79 74 
0 99 10 64 84 9 82 97 97 59 90 30 74 92 13 57 5 67 11 78 96 51 52 19 3 48 79 22 93 3 94 99 66 52 6 32 82 89 30 22 75 30 25 1 51 55 53 3 79 49 43 29 23 79 99 6 50 75 16 6 44 2 47 24 96 90 61 23 47 69 50 63 2 3 25 8 73 78 79 88 45 84 55 77 81 19 33 19 28 71 75 90 62 76 70 75 34 5 53 97 
1 12 55 1 64 53 24 8 55 77 22 21 19 0 43 67 68 82 98 44 22 94 96 69 60 68 79 76 20 85 84 73 98 71 89 27 47 26 32 37 92 91 86 72 92 14 48 35 4 38 2 70 27 87 39 98 31 12 65 50 96 48 78 44 0 37 18 32 9 58 16 51 82 66 77 63 10 36 46 91 2 64 45 35 4 34 41 5 71 73 52 53 49 21 23 93 6 68 59 74 
75 92 54 55 43 23 25 33 94 11 5 85 68 21 20 50 81 79 5 23 72 78 10 6 47 50 89 33 80 35 61 49 48 15 16 22 52 82 90 49 20 60 49 13 97 63 55 9 67 47 76 18 52 20 15 80 72 7 72 22 72 40 86 86 64 72 8 26 69 18 83 48 17 32 70 31 19 30 55 56 77 68 6 49 35 90 77 61 89 52 0 48 56 46 56 44 82 6 68 38 
50 46 4 0 75 98 19 22 6 16 70 18 36 2 56 50 29 69 8 69 48 32 35 89 67 51 66 51 72 33 39 20 22 99 0 16 9 9 98 82 52 36 16 17 61 68 82 37 6 42 13 34 18 64 35 31 56 72 35 9 95 75 22 5 40 63 99 67 51 35 5 91 91 98 21 55 30 75 38 91 32 97 51 96 35 59 59 43 28 91 37 85 57 37 63 88 95 17 35 5 
81 13 98 9 25 84 61 25 13 26 48 58 84 97 94 71 5 4 62 90 57 44 72 88 0 56 62 89 86 62 52 49 8 74 45 59 92 87 87 44 94 33 13 46 61 95 75 60 78 90 1 65 20 26 3 67 73 8 93 85 47 9 69 6 26 66 70 82 31 95 57 15 6 51 85 43 10 46 84 38 34 52 8 99 53 0 16 6 82 21 13 4 44 43 12 62 48 21 26 63 
18 94 46 4 69 86 35 65 21 28 5 80 70 54 54 99 89 9 51 10 31 2 38 9 30 88 37 55 47 27 24 62 48 6 42 18 72 77 45 35 64 27 37 66 45 48 74 83 31 26 74 43 88 97 64 31 39 2 31 16 34 37 9 74 81 14 13 31 17 36 86 50 17 12 44 6 50 77 48 18 95 97 30 76 3 95 90 6 82 96 88 73 48 40 39 2 65 65 60 93 
62 65 39 26 74 13 30 18 62 0 80 2 65 42 77 69 22 54 91 63 28 31 84 41 70 5 56 39 81 37 32 76 25 61 98 48 76 54 3 62 17 96 41 40 36 92 98 5 61 44 19 32 97 22 32 92 48 78 47 40 57 20 36 72 45 60 77 74 38 49 49 60 55 39 87 69 12 32 43 7 17 27 38 99 47 24 49 44 58 97 93 96 0 60 29 64 0 42 76 11 
85 70 95 2 86 99 27 3 20 65 52 0 57 37 44 99 87 82 27 85 51 6 84 90 99 30 40 48 85 53 74 8 16 59 13 15 67 62 97 69 29 61 38 35 90 81 51 40 73 36 92 6 24 94 98 63 57 83 50 29 50 96 57 96 42 94 59 23 34 37 4 79 23 49 2 13 12 7 62 71 53 94 13 56 67 24 26 52 54 86 88 26 61 86 16 94 99 16 46 86 
8 9 74 43 90 34 21 12 50 19 58 98 1 6 23 92 56 13 26 35 73 71 95 51 8 56 18 82 33 34 91 71 67 5 36 21 63 89 68 16 29 48 28 36 69 85 80 99 79 55 91 46 66 70 94 97 82 76 21 83 82 20 15 73 87 90 5 24 45 56 9 29 35 90 71 53 25 19 71 70 25 51 14 2 74 60 76 77 4 71 37 61 46 71 51 13 36 51 6 9 
49 84 72 53 77 23 12 20 49 85 71 86 87 26 1 65 59 3 11 55 24 23 78 62 37 42 10 97 84 49 18 27 65 6 85 48 76 58 26 12 75 17 69 0 42 52 10 56 77 91 92 91 12 8 25 91 86 71 92 59 61 81 52 1 24 14 42 84 4 84 14 35 1 35 18 1 16 0 91 13 10 27 2 15 60 48 61 48 4 79 11 52 72 35 2 49 0 27 83 27 
69 34 54 67 74 98 42 75 24 30 96 58 83 2 52 63 42 12 11 10 56 41 35 41 37 78 53 89 43 24 23 80 5 97 60 72 79 64 59 71 93 67 27 29 37 95 39 99 17 35 67 95 17 69 65 97 86 13 54 59 88 69 58 80 70 12 40 44 48 36 3 1 53 65 84 13 68 93 48 40 36 16 14 31 7 45 60 53 15 83 16 46 2 59 20 18 64 10 89 90 
17 6 6 23 89 22 31 4 80 4 9 78 86 79 51 5 29 41 34 14 43 6 28 73 84 9 85 65 97 37 15 79 57 9 54 5 64 61 9 99 40 70 52 13 23 38 77 90 47 99 91 15 11 25 9 87 34 76 6 6 45 77 48 54 57 47 8 84 13 24 62 9 71 85 4 82 78 24 37 84 21 66 48 60 59 19 24 48 38 42 14 21 30 90 44 88 86 27 66 49 
20 38 60 18 4 6 63 14 74 42 86 87 49 77 63 7 17 13 10 93 80 87 6 17 75 38 29 91 52 82 72 65 59 95 69 64 39 22 6 16 12 67 47 75 61 13 61 42 87 94 1 48 86 81 65 21 10 73 78 51 70 84 94 28 64 33 13 14 71 77 79 30 81 42 8 86 42 4 87 84 62 29 85 35 45 3 31 45 41 60 45 30 98 4 45 7 97 77 68 61 
0 38 57 63 76 49 53 89 5 97 82 95 87 11 60 73 30 73 48 60 25 30 4 86 13 54 34 63 37 97 26 8 35 72 82 41 7 27 45 66 65 4 76 16 15 47 14 6 2 69 14 33 87 90 76 0 28 61 3 52 29 12 68 7 4 59 55 84 81 47 39 66 52 6 40 14 84 23 12 78 5 34 57 24 55 21 76 71 48 28 33 96 26 23 38 33 93 93 37 55 
28 95 13 41 38 73 23 37 38 35 39 16 72 15 27 62 66 76 22 4 60 30 26 99 32 98 47 73 27 90 60 69 53 87 78 80 22 31 4 95 22 77 90 46 26 27 75 61 56 71 62 0 5 29 34 70 79 70 43 40 73 32 44 44 19 32 85 17 51 82 70 50 82 60 39 80 15 20 26 64 6 42 0 59 59 87 2 7 65 68 6 85 5 84 28 79 43 49 1 79 

Matrix Multiplication:
238316 253272 245547 254345 267854 282581 242252 263930 234755 249613 274568 258259 251664 228419 250407 262462 221702 257702 215101 280902 261981 252050 268227 243823 240758 276979 272192 255687 236410 264656 237745 253477 257983 257734 268598 231855 252128 244486 257653 232845 266354 231813 257031 229157 251981 220360 262036 242404 284117 266883 244960 253256 268364 253468 261071 245856 267596 262941 265051 233369 262538 239923 239975 256397 260382 261955 263522 240443 255394 255677 272696 244821 223824 258827 255086 273285 271255 243252 267469 257126 276763 283438 244160 254736 265318 270842 243081 234602 230707 289143 271557 257320 279726 281165 224498 233136 266119 273485 218916 251748 
232781 236739 245516 249929 253731 282836 219933 244663 246654 244701 268917 253331 261437 242259 262756 271519 220389 248651 227264 273085 247780 254824 282327 253827 255819 269341 282340 239819 265368 257827 231713 268485 252280 272007 277785 216383 241088 244620 255195 239066 261135 239866 256695 234334 253683 232579 267567 243515 276128 264835 255198 239160 273310 257672 262637 246132 270952 263611 263936 233898 273243 269373 237814 274228 239631 263894 263299 244431 235853 249268 260258 254852 232939 266213 243764 260004 261893 234969 255011 263316 272022 284011 258263 242603 236873 265284 233536 233066 239473 286432 265070 257180 270429 288466 225039 230370 273937 278798 235054 261364 
231802 246378 226599 247541 258281 273618 239363 245821 246046 224840 262530 239300 251863 223600 244087 271559 206596 238300 224451 261866 243349 244651 274303 231250 232286 267193 266481 249559 247341 240717 224171 253681 255128 245876 253088 216866 242105 241494 246508 228305 265746 221261 254987 217649 253436 224730 248345 226379 260919 247838 241015 230428 280540 259698 254257 249565 256355 252055 271655 225079 260408 240563 231589 249071 254462 260982 247789 254823 214592 239296 259217 230730 212411 252978 239794 256085 261960 235205 268755 241631 272772 258820 236729 253689 248657 239768 234511 231087 237399 282373 260712 245533 248696 282706 208212 239117 250065 252902 223087 250162 
244481 252490 229987 245551 264182 268027 223811 258413 251604 251110 260519 239814 253977 232835 232800 260749 226159 239553 205758 252018 245235 249218 281518 235713 240162 265201 273760 238886 257399 242009 222940 239127 264905 238993 258636 227761 247315 230330 243442 239102 260663 242263 252643 213473 257332 224225 256858 239901 271513 244415 254901 234497 260700 251197 268825 258650 273882 255968 275444 229308 257643 240838 237497 261805 242757 260228 257192 252156 244602 260186 259095 235466 223012 247744 258351 250879 252515 232992 251345 239821 264158 270100 233273 264258 244476 253315 244794 224734 232974 283570 264256 262226 250500 282946 212701 232502 262347 255547 225252 255940 
250756 260126 246311 248926 255556 273517 210008 243661 243681 246402 255512 245734 262307 225677 248898 279633 222489 243065 224072 261183 234104 241161 264810 243168 238324 263016 260101 228489 246686 237780 220009 244288 251524 249630 252780 213473 232352 233421 263888 234564 261250 224272 242308 220715 258181 227117 254276 234208 270417 244360 258351 230165 268064 255871 244955 235937 262995 261222 268868 227759 264785 253261 222100 255805 259894 253964 262152 252720 226820 259221 273947 237953 212798 260695 263415 240681 270611 250388 255398 247210 258416 281972 226964 254174 245722 264746 249620 233280 226086 288067 270089 258857 256634 274785 209151 223144 256125 254515 224476 243548 
226913 247333 225647 265041 245488 258588 220944 245044 254260 244284 263029 259932 261867 227383 250148 257836 223226 244534 219479 272371 233759 235817 259575 237983 234523 264255 280498 231415 261625 232280 218929 245121 245350 261511 259650 221573 238575 225972 253819 228755 262296 216546 234035 220032 247416 207975 253195 226242 263674 254266 266531 221901 272035 256308 260585 245580 268177 270642 258687 222982 255737 242904 243259 252426 247201 272505 258401 236877 218555 241063 241785 236894 213627 264393 229465 249108 255658 227794 250373 247564 268351 270841 230467 249591 255390 246782 236028 222707 242183 277536 252625 233989 249763 289913 218024 245995 274456 253402 225378 259357 
231603 250330 253982 267306 253779 294836 230867 263682 263382 257507 264444 254637 266420 234574 261833 269980 218353 255044 206892 269814 257637 265448 263452 241473 242800 280415 295088 247938 252290 251995 225683 258607 254603 281463 269677 242770 254525 253391 272770 245530 271166 241872 266864 238328 254679 223131 246839 246137 271117 257150 255781 253718 268128 261965 269078 258972 281441 273839 281790 218568 267527 244712 252589 258643 268590 262134 264418 240656 247201 252393 264236 242421 247174 270863 261074 258717 272391 255845 235926 243667 280268 277113 259902 253599 245891 268496 244215 236738 245347 284392 265150 261769 265490 297323 226566 247771 273303 287605 233098 266066 
234530 234312 235542 237953 248580 278913 235881 238510 255233 240970 263759 234905 254130 231281 246668 271415 225063 230298 209889 264926 245149 238789 261011 234235 241258 263041 270493 259984 244960 242677 213669 246681 246749 256782 255214 231915 254256 253548 257163 226254 268881 235809 249077 231775 268075 219896 252483 239859 278187 247564 256117 242471 262216 262151 267012 243094 277303 264793 267318 231706 260658 248545 236264 254895 247488 253582 256079 233336 229229 245679 253682 230858 231334 250644 233638 250525 271327 246362 259678 257649 284413 275738 226391 241912 237788 251307 238298 232473 216823 284198 260253 244850 262762 279505 218465 239454 279668 255558 224032 268247 
302417 288367 278705 300734 300481 320186 264672 287357 298613 307346 306931 307020 307733 281202 293388 320676 266075 294866 245912 318753 300430 303254 309188 300174 293270 318092 323698 299162 297415 299764 264271 288032 309269 310912 310430 267726 281337 284665 312921 285421 307724 285530 311480 282609 303393 256637 301299 281439 321120 307271 306602 278984 327076 302256 310243 294711 312080 313984 321564 266714 325992 322921 295085 324744 300173 309842 312822 288356 275711 310223 309675 285678 270096 315725 288406 297286 315082 282478 302049 297717 322461 327101 301223 296981 282018 301636 295590 275626 265957 341675 295584 306629 317040 336585 254470 279592 325666 324560 282556 298897 
232359 257140 235096 250490 238021 278406 227864 245686 254316 231759 253944 248508 256972 213319 246416 266549 221112 230777 208981 259583 232867 238994 254341 257368 229774 256009 263712 240203 239439 231961 224944 244787 254615 260118 252937 220656 247785 237027 245798 230713 249247 233180 253430 218076 256293 230878 237978 249030 269522 245396 279096 224064 260941 258181 252813 252503 273633 262814 275387 211546 264476 240429 232391 257202 252507 257270 256589 235679 220717 263859 269153 226572 214965 264072 236123 237889 273252 234176 234332 250597 268947 262424 230272 239468 246738 250519 240882 237983 218626 280142 260030 245837 247272 284383 206382 236268 255181 258938 221130 238669 
214718 230254 217740 234719 255337 256626 217032 243541 238988 222563 258531 242493 243172 215193 223460 247453 198102 222885 206818 261473 250376 225924 251353 248954 219277 253351 259067 239222 245670 244722 210654 229013 228910 254489 265215 216622 236921 225238 247158 226583 244614 226288 234329 205157 238772 210082 234545 221203 263700 244713 237155 233987 239922 234546 244983 239563 277673 243805 253250 215026 252746 234149 235912 239731 232061 252758 253916 234084 225856 238387 235419 219560 224122 247242 226593 229032 243208 227369 224841 237835 244139 249650 225760 241199 230043 258588 226879 216463 208458 265019 247320 247156 245175 271348 216048 236557 251302 261563 216738 243875 
244495 241543 252205 242590 244981 255359 211145 258332 254675 238634 252819 264404 254331 214216 239890 270164 218776 230846 188356 247862 234273 238614 250326 232314 227220 257109 270045 240558 238928 253405 217831 233697 258511 248985 256347 219455 244169 227465 247946 222171 262243 223945 245410 207822 249499 228486 248367 233058 281066 262549 248690 219904 260784 253591 271743 249893 254281 258031 254128 237885 243139 240449 245763 269638 246878 251213 237014 254708 222593 241005 259425 228754 209190 261317 267219 249907 266458 250418 249335 253076 269371 258378 230208 217707 262128 238930 232991 223814 208548 280563 272163 243698 245648 261660 222549 236926 265774 256557 224492 240254 
221458 241414 240747 246025 248474 266500 221697 246491 251185 248131 275731 243741 248975 217269 228741 249123 216319 240580 211990 269539 245160 245501 255458 229668 237581 253175 271995 244904 251805 235101 211848 232854 255336 255135 252909 223879 252307 221345 251652 235244 258178 232518 257847 209844 252936 231796 251558 231902 265035 248857 241236 234569 253086 245956 259906 242527 257678 259899 251018 216196 245400 249081 222342 255830 248900 253757 242972 227535 238054 244415 262012 238156 227512 249964 222260 236611 266236 226610 253145 244157 270016 264974 233950 217906 252716 239441 234565 235411 205227 275391 267049 248791 249207 270226 206945 231589 248229 262999 215074 238789 
260389 255113 266547 263144 272153 295034 240729 268879 276074 272733 293065 266241 270409 244991 278419 269053 232206 247111 234882 276228 262216 273807 291310 252551 256824 282143 281661 257347 257713 254894 224674 256497 269413 283333 268232 249233 255611 250438 272491 254246 280116 255658 257993 254333 269057 247047 284367 240462 277486 261196 260388 265609 279396 277508 275298 266598 304583 276593 289544 232790 280187 282776 252631 287296 280127 278319 263412 251276 253604 271287 264595 261669 251953 270056 262532 252004 284472 248874 277901 256570 287167 297114 255173 260933 248297 266133 248578 255930 234997 297795 281676 264042 270131 290717 238437 266894 290344 277994 241075 276618 
238832 242813 238478 269674 260818 277893 226381 262707 246946 254549 261272 256736 257605 224069 249786 276316 215819 243841 201441 276047 252833 241317 270188 245734 248972 272557 274134 253136 256676 243194 214217 236331 251656 257423 256733 229990 241636 242842 265011 235462 257329 240821 255055 236721 260795 218024 263794 225568 266398 269224 260273 235589 277808 243421 266598 260003 273989 273199 258153 233608 258900 265740 236609 278071 255218 264090 269420 238313 239789 251687 265536 246817 211485 255191 249271 238399 256316 239125 253123 254943 274151 271743 226702 236881 251701 260303 229090 235851 223174 283229 256734 252143 252714 295125 208082 232243 264209 272195 227371 253833 
222716 261361 243373 248369 248376 265180 212567 261809 255047 243391 260271 241629 265735 214886 260998 261886 218164 228829 205523 257970 250721 253804 265497 234811 239280 278202 271598 246856 263742 252267 226029 244627 257197 268415 269256 221085 239202 230348 249822 237620 245077 241183 249190 211115 249492 224429 259507 231116 275108 249362 257464 229475 257507 248248 265398 249931 268444 258814 267964 213074 266490 236859 236227 259369 255198 266720 254125 226521 235608 245203 252297 255173 227440 258540 250309 245940 247149 229631 245649 249853 266212 262913 232873 234672 256218 261574 246173 234921 221328 278190 268970 267735 249238 277811 224882 241410 275530 261908 238086 241640 
232200 248769 236381 252223 272754 269604 238040 260611 257260 252874 284082 258643 258145 226080 239043 274752 212886 236210 210319 268489 246091 259460 273393 257264 245463 276022 267784 252231 248102 259395 219488 254107 269943 269261 264785 224484 242401 247391 264255 239975 259014 243294 271770 228651 267101 243443 265967 252300 281006 262155 256101 249089 264774 263548 273150 268970 280399 289397 262104 236824 263432 250392 238993 265178 259960 265842 260378 244880 243412 258744 273517 246897 231147 256950 260915 247738 268900 247332 256736 256502 270313 272919 251786 232670 260580 250378 234026 245142 231560 294352 254127 253169 250374 306994 224546 237607 271980 272887 232414 251598 
240624 288292 252997 285915 262902 284512 243718 275078 255034 258950 265790 276423 269192 242884 258288 308254 223276 247764 225717 271901 263324 261184 274084 260438 253194 297555 290478 255782 252034 275516 233640 265953 271297 279499 273688 220645 249070 239250 272734 239657 271919 239678 270258 235446 270820 249911 275366 248270 292481 273012 268418 255105 285174 267978 286584 267318 283045 287785 274643 230895 285528 266103 242614 291129 274849 290965 281361 262270 251159 248843 296057 248907 239969 263026 266475 262880 277507 264885 276501 252271 288774 288127 247827 266107 259076 283632 264247 248566 243757 308796 296208 274434 259465 313926 240163 256449 279706 288437 225802 253594 
267010 273824 260073 281446 298480 317773 238571 273906 273435 275352 292887 278201 285457 257188 275650 301308 246164 254294 232314 298659 267361 272471 296329 278326 264729 315576 306454 272892 276061 262302 255555 263846 279614 286514 283936 249399 271164 252498 293000 265741 304872 260099 272085 254614 278853 244666 279897 264202 307220 282919 287405 258169 291923 280230 300811 275320 310319 288269 300581 243011 289492 279536 245654 294904 281984 273844 282542 271422 273758 280518 291962 251874 259159 293326 266617 283377 293909 273861 290878 271213 304604 298287 273893 276007 286524 287737 255964 262069 240138 301114 281563 274522 286506 313847 245849 268923 302728 291494 260097 277363 
236836 262451 238813 265559 255484 271293 237394 258378 260969 243530 267910 249265 247488 229538 240429 267054 210094 252579 218471 272614 258564 243086 274440 245011 232233 280966 266825 250081 254921 260641 214324 249619 261564 260887 269817 216241 229679 228465 246505 228183 269274 228379 246704 226685 259454 223537 260522 237848 284395 252386 244848 245778 268731 243452 259665 260199 286334 253788 261291 233875 271219 245736 234913 268642 261310 267230 265347 265582 233743 249760 272092 227820 239328 247560 235270 251755 268601 233285 259072 245249 257601 269357 221961 236364 258233 267734 241215 244327 224246 278597 274603 258959 247518 282740 233805 247903 263013 269535 220937 248935 
223790 229782 214177 216490 222612 245924 206911 233059 242264 229269 228861 233499 235797 214612 235226 235352 211505 211946 189784 238241 219897 233498 238384 222508 223510 243942 243997 217292 227418 223440 202232 220726 227040 239949 244710 201432 226474 208819 233540 219727 223779 205607 220364 216646 234184 198657 231894 213609 253263 241700 219062 208732 236304 220592 248474 226021 232022 240950 256104 198541 235137 212803 214457 236292 224428 246895 235121 216501 211472 229931 231685 219437 212219 221815 218835 240815 230841 221086 227854 214224 247003 255763 210777 221072 222250 220014 223239 205305 211437 255702 248596 222654 237706 257674 205930 198042 254835 255774 208606 233460 
225628 241168 219859 238438 249089 255945 212404 236060 232050 232642 248816 221928 233242 200347 241943 255496 207656 225864 203535 239960 233184 237438 237807 231320 245345 258603 250855 232566 224988 244992 193221 223595 237338 263713 244045 199004 225014 212338 231630 209909 246073 209113 244998 209039 246044 218030 245323 234553 253585 232497 225562 225498 243801 224179 240910 236473 243358 243392 252246 202988 252603 237865 216559 241308 244529 248490 235021 241204 212663 222313 248699 233327 211066 240010 223213 239585 236882 226048 241887 230436 260656 258408 225440 233199 234415 240591 227982 203193 211079 274283 262814 251707 228578 262234 212809 226197 251353 251311 217546 232097 
190987 208306 202519 205881 208267 229113 186001 192242 204920 205853 218545 190763 210096 172114 218366 199330 188861 204695 188337 208752 205071 202468 225370 189084 209888 216214 226960 191515 214667 192216 189582 207832 222682 214828 216197 189470 197250 185737 195623 194863 213451 193493 207503 179591 223934 183732 219133 201255 213403 188469 207097 197401 220937 209723 209339 215196 219819 212678 228149 176152 215010 210399 203404 218101 211588 208175 206182 202677 186381 223197 206967 198292 188363 205826 196055 213435 225280 172139 204671 204817 217960 229890 187260 210080 210809 216352 206330 202756 184019 230226 220297 206782 208939 228016 181117 199652 225130 217198 190103 203333 
226932 255128 216052 244712 252431 261455 204760 242208 254594 243530 265769 231702 241931 209534 251528 259272 214422 239762 221965 255137 219352 241364 279120 248065 225753 251865 258549 247487 259500 226519 204250 238270 248642 245273 264811 223767 226561 235707 259352 236362 239273 221008 246304 227319 235786 219082 259813 222655 255152 237234 250680 217322 258549 245859 248209 243959 261612 260895 249081 216676 261992 244988 227606 252609 247110 255867 267033 227897 224854 240025 238309 239998 220805 247225 240820 241810 250330 219717 225503 228992 250726 251943 240577 240711 227341 254779 233336 238047 223956 275028 238198 245006 252459 276129 201641 247840 261476 262012 221200 241547 
260633 275097 247287 288417 275887 307337 242385 281467 279346 263547 278274 271758 272606 232305 271235 293579 233981 249719 220150 276706 264583 266952 274728 259628 269533 303543 295406 263672 255768 262134 225811 260402 270409 283297 275747 230605 256071 262168 275349 233991 275544 251493 281234 226643 276364 241986 271567 253229 285929 264023 280606 255754 289127 270290 289643 269056 307527 282578 280132 231277 300647 285208 250302 292763 285932 284776 265939 243511 255270 252238 285830 263200 242417 280421 258583 274405 291050 266149 281370 278293 299614 288123 257489 262532 251878 282832 257272 247203 234864 303518 282521 280482 267018 303120 236731 270033 283463 286987 251507 283900 
229370 235879 208994 231350 246482 249245 222382 233431 228155 225085 237084 236985 249404 206735 236736 256102 210599 203203 193976 245229 227068 232228 230672 228727 228678 237996 252289 229196 240743 224822 198412 228477 240568 242551 249249 202000 213890 226174 237042 221081 249688 201473 251688 209102 234036 208960 226161 225307 251382 240116 234557 212767 253498 245651 237885 240316 256271 245574 267944 218791 253281 244935 225237 253632 245191 234162 229188 235156 204263 246547 249936 214513 195450 234622 235691 233185 245096 223636 234260 223637 260295 241423 242000 239316 222811 254333 216700 214441 229866 263256 228424 237939 240006 269891 208196 225012 252623 253559 224497 237135 
241167 243491 231974 261645 258604 262243 210674 246582 236597 240369 246469 257873 247283 214275 245421 290457 213501 233522 194337 253861 236988 230128 246801 257904 257006 258834 259238 234084 241404 266010 215408 232748 245902 249933 243009 212240 234684 235688 246241 222653 255573 229252 246251 221660 267352 232049 251968 226882 271419 251950 263678 234350 259863 237289 251424 259152 261717 262223 273345 222754 270604 259768 224429 257327 236670 263970 264379 250833 233807 243111 260119 246636 211183 263894 251355 242495 250030 244898 257459 250227 271229 266881 228399 232492 252555 259651 234230 233256 225132 285909 257237 230637 244322 282848 207398 221590 267744 256885 230939 235001 
235998 234631 237357 246054 259568 263341 228473 252201 247952 242555 258966 257416 246822 214282 233806 268961 214734 244073 204865 265268 247672 257699 257500 244075 246058 266597 265508 244439 238164 241362 204105 251157 260152 264305 263092 223812 242646 247962 255729 227603 247148 245097 255996 231305 260581 225135 259724 236963 262341 260129 246361 247280 277963 237066 260669 261237 269607 260667 268044 224696 269446 248188 245808 273491 260371 270510 250608 240047 242411 253263 256285 248425 236613 256847 252000 247417 250983 230881 250571 242982 272302 272748 228000 235649 241726 251367 241592 235992 241017 286845 265943 254514 247996 284409 217193 224647 263425 276394 224789 255525 
249612 258615 237015 261721 267359 288305 235815 266800 270647 253029 291092 259919 259752 234243 270855 269021 219970 232488 225301 268808 273915 265741 278926 236704 253996 280861 284424 240236 255509 250347 241679 271370 271717 262936 281995 237088 254336 252054 255433 247332 255719 245508 261406 236167 264519 249062 266571 240810 295181 261954 254643 253784 290167 260654 289973 261682 291749 281035 292946 234047 270532 252151 247235 262721 283219 263508 264034 262644 232501 270270 263415 241582 241695 276692 272445 275913 277964 256681 271661 242612 290998 272184 246639 254497 261150 262095 251393 244146 228748 295607 275119 268736 271985 288981 235644 239662 269954 283528 251063 248340 
252677 265729 234120 251189 243990 275622 238317 248775 252744 239658 270343 259419 248982 228458 240662 262001 220593 250303 224302 252321 261153 252279 274241 214503 249603 284100 274625 252674 244406 259450 231164 251664 255911 263227 255752 224106 249091 241950 261713 228228 275313 233560 257415 222879 271330 237015 265242 260028 277312 236978 251068 241505 270625 251408 263442 250365 266500 254450 261644 235442 274268 261692 246890 286412 275356 253980 250722 257941 242402 248430 285460 233634 243732 253124 252170 266514 266853 244994 270269 242696 277529 277293 233196 250779 258888 266876 251913 233143 221685 288677 274325 259111 259783 283757 224972 250231 272781 257643 228979 252616 
244819 262341 254977 266417 266756 287441 232572 254871 260100 256968 287980 258897 279718 234895 257810 262669 224461 259310 221290 274072 253348 263437 281432 239507 254173 257540 282217 244302 278424 238344 228699 264894 272857 278015 276093 235035 243288 240922 263193 247538 262493 235790 262306 234513 256731 238018 291329 239979 294662 264160 261884 245550 270735 259314 274907 267808 269938 279811 277303 238948 262377 260832 243777 284850 264955 269244 271557 248487 232939 264295 257648 244641 228403 262493 252171 253158 261068 228055 257744 258732 281352 275145 248610 241494 260473 263088 245782 241113 233495 297946 281421 276682 275916 297077 229787 252266 277422 274731 248156 258327 
223603 247645 230571 232396 230996 256630 209809 242008 232075 232000 256812 231426 248154 200729 238412 264951 214821 202980 199375 257133 224567 225789 249807 222775 225560 245669 267868 238467 248834 230578 209765 228008 241463 246208 250869 223524 228767 230781 253712 225674 257216 210148 237170 206404 255362 218433 237754 235312 260282 231129 241005 219360 246867 245735 254497 224934 258576 260535 264994 213494 250503 240964 236014 245771 249649 250338 250107 232696 229477 249633 233620 215619 207437 231928 230263 237318 260581 226216 234993 236210 264418 259571 222387 243217 236438 249539 239062 228459 216642 268556 256757 231912 234627 274400 220572 237507 266240 244978 211221 246797 
209626 230734 211360 223250 213749 231994 203341 216987 209151 228436 232429 229054 244867 213913 234765 243771 194034 214893 191343 227419 217141 218849 244813 212920 202122 253258 230682 228008 228546 219309 184226 212447 223437 227207 226774 195595 217408 213523 227346 207466 242180 202815 226988 202506 225780 197880 225107 202512 223229 239565 211760 215119 230479 223691 223521 234820 234578 240220 226047 198619 231507 224456 216364 242918 227509 219996 226177 225645 201004 218199 244117 199619 210161 209150 240291 226233 240965 207381 234368 208206 235324 260519 210982 219991 219405 226860 216228 214976 211861 251226 224423 221817 224024 251036 198065 207715 236669 257257 192151 226986 
219782 233340 200045 233354 223368 232358 211836 233032 236197 211976 241103 230782 236099 211117 227438 230407 211888 224694 197434 240027 234519 227096 224876 211029 229523 229506 247414 217203 207565 222100 207207 218879 241540 244436 245607 207880 220760 210384 223207 204466 220476 207157 225596 188989 234719 197828 223889 207192 249463 241105 231048 215119 248687 219199 233454 225904 249643 247711 254623 180528 244645 224588 214509 234024 239682 252459 240196 222129 195053 203227 258134 219686 213203 232502 219909 228393 248854 216990 233407 215245 266394 255376 220531 232821 210689 241677 226991 218951 211930 265957 240820 227589 253247 256995 208099 208595 242728 248074 203101 220237 
259322 259239 239252 255611 274813 287842 235778 252986 264625 219359 271489 259168 275440 214527 259626 254337 240168 241130 221126 254386 243970 262324 276831 239955 246769 277070 288841 249473 274817 247000 226338 238039 265943 286162 262384 225439 244596 238606 265492 258661 265331 226249 257685 208089 260440 231505 269129 253762 276047 262424 250264 232053 258437 248379 266784 272869 277719 287333 276588 222654 277810 261123 246952 258468 274140 278369 267084 252811 233261 242410 272742 247958 249915 258493 251203 260788 269011 245396 264832 246121 284561 270596 255778 262504 252599 255600 232899 239839 241212 296849 258986 255282 256126 287022 230763 257481 286201 258487 248380 259571 
231577 247571 233668 230986 265081 253380 210337 251002 220333 246641 244619 252314 241732 201385 237420 247023 208083 213182 194762 252780 225350 229641 243108 226383 236924 237519 256605 233648 229764 231927 225029 231944 232487 226402 251585 218411 229730 238700 255512 224572 259440 217668 236058 212547 250469 233169 245527 219913 260948 233329 233750 214063 254065 233034 233909 238448 256157 251146 252480 215580 238019 234068 226160 248510 249264 242027 240285 227404 222169 250172 250770 227598 202120 236328 241424 245325 249665 220533 239934 232205 251026 244689 213304 241702 238626 247613 226770 229709 205383 261940 239138 222779 237632 270233 208114 240315 262628 241562 216181 241291 
266263 265036 251711 257041 248504 283411 222881 253559 260594 255267 272355 247049 274290 243743 265099 271178 232631 248274 238910 283285 250680 279861 293022 247456 253731 270854 276123 248270 256865 237543 229204 269577 273099 276976 288646 233697 237762 247528 260001 240513 277142 243163 260628 242326 269168 234927 264339 247062 291491 257777 245911 266045 282454 261528 277972 254449 276848 276893 286683 239838 284847 258876 257335 268970 273545 265883 285340 262077 237085 259057 279022 249165 241740 269586 261013 265830 285937 254993 274833 241912 289228 282617 247352 252905 264223 265906 244326 219737 235112 296914 283587 261373 270913 284114 223014 258489 273216 271535 255788 261826 
243516 238154 242176 261291 275537 281776 230409 252958 251798 259052 259293 251702 249264 235521 249662 275415 232939 249579 216312 283106 237094 259251 272024 258774 249163 277861 276894 255461 246151 255296 228413 248880 265225 266957 268787 232021 235633 239489 253097 240652 282971 230854 246324 226415 270073 221023 254587 243769 265987 257541 271415 256857 277259 263220 271527 259306 294856 280361 276401 235377 275886 263638 241953 280092 250807 280785 274591 260404 250349 254163 257899 241009 232579 269909 242817 252037 272468 244466 270045 270829 271359 287840 234277 257185 256257 267147 242705 238136 228571 299019 270859 246655 272553 295657 228538 247135 275477 253671 231510 267673 
256035 267884 244016 249256 264083 278669 228897 256427 250844 260163 282674 247777 253052 231273 257150 262601 222632 256337 213332 274463 253118 256119 260544 228295 242110 275418 279926 246578 249093 245007 217662 247252 245077 258452 261847 229060 248454 247093 271904 227863 261515 232435 254798 233768 259450 217859 272519 237290 278713 256090 251641 225892 276320 249777 265369 244662 276462 266483 249266 225422 258789 246671 234851 272399 263631 255457 242122 243230 244603 244733 253494 241167 231374 244079 248367 256182 266101 246877 247444 253677 269904 282483 245808 258551 245518 246914 253421 226179 218519 280280 279074 265066 275310 289944 235208 241444 276075 272939 238889 260896 
201105 225180 210394 226590 216322 244540 191670 246095 216909 211681 228525 222942 225899 203602 213890 255667 187913 213737 191727 224141 216225 230772 244383 218400 212696 245889 244164 222645 220529 218561 192592 226839 239400 241127 236767 208458 209129 222703 234020 210216 231953 220115 235462 211356 226648 198991 226103 219178 225925 217665 222599 228651 250725 225828 235204 226569 226087 242063 241141 201064 243891 221903 220221 235578 227321 254996 241061 219816 208458 216333 239516 226315 218488 225557 212354 212470 245166 221579 222455 205138 235454 239100 214545 217468 207638 239353 217737 211477 202650 255088 233438 220475 236041 259743 189402 215788 238417 237927 197098 242736 
218094 220651 223998 244317 226519 253521 193698 230561 223276 239616 236647 229072 225789 215130 232273 229755 185142 217424 195059 233563 232995 233559 217474 224604 237322 246966 253649 217628 223901 241797 206729 216624 236715 255345 228724 211945 210806 199142 226328 208573 237542 197017 220504 211920 227456 200755 255410 220454 265428 237452 228100 216295 250891 219623 230333 211895 247525 241380 239233 192318 241849 227301 191608 240641 224378 240660 233272 218413 224384 232400 245720 221351 197996 238520 217013 223566 226514 206225 234801 222983 255637 250976 221919 231498 237856 234596 216390 203932 208977 244648 244798 227223 226746 247083 202727 197575 250595 252782 203687 222085 
248936 230861 233332 235641 246766 265457 208120 250449 227233 250152 247268 246267 250765 219848 234566 257860 208106 227985 197842 257285 232636 245251 237223 245536 233057 263217 262181 232498 238020 222969 205384 235132 240022 256496 244672 207403 221053 219391 254654 235869 237739 236108 240894 212175 254484 217189 255224 235636 263190 268171 241183 214592 268232 239498 249492 234949 258911 245437 258390 207003 255273 230655 219629 270142 258165 243094 242616 233781 236340 245560 263890 227689 209087 246921 259392 233182 255699 231360 248661 241920 269192 258114 222466 235911 244454 241442 238471 215279 233147 277888 260722 245001 236644 266038 213638 213233 262575 264789 219918 236394 
204223 220393 219839 223670 221508 241895 193976 203182 233563 200457 237885 229334 223490 205395 209827 235929 188890 209702 187935 218218 218774 211155 244363 211539 203066 231014 230622 212098 218093 223856 200372 219086 232665 227742 227270 188470 218297 199126 214339 197202 231924 197713 218933 195041 227035 194217 232369 209548 258141 210769 228095 199606 234007 222991 227469 220376 231361 223447 239790 198846 239308 227875 204113 237721 219268 228084 215230 224145 208667 208476 239628 201831 206236 232090 204377 220847 229258 195516 233699 205821 233102 246557 200753 209753 231141 218272 219294 210673 192622 244560 237613 220730 228792 242948 199872 209708 235448 235745 198321 225025 
203723 209393 196467 208075 223106 236006 181887 222377 219168 209447 228348 202018 229333 198387 209331 229912 191274 207942 181720 225790 206281 204495 235293 205177 208048 222868 244136 215942 231338 212553 187462 215223 227257 222540 242052 201241 209775 210223 217147 207658 220746 210976 225172 192231 214247 195933 229778 207846 228596 227856 210288 211449 226435 215182 230147 221093 234458 233414 222272 205059 231747 217855 224576 225017 218699 217819 223809 222612 217894 212022 209026 197389 210877 222428 220542 215815 234546 198445 205531 214474 218851 234634 211050 204945 217516 214189 198329 201992 201261 239730 215813 224680 210495 241860 186202 209598 231308 239403 206303 224543 
261448 248048 252545 279160 260151 294117 222117 271683 262172 257026 289297 258996 252835 244251 268666 286787 225032 259225 235000 281456 258991 265200 279638 255048 266657 281151 281839 251239 252813 244728 214146 262314 260372 285722 280032 231778 248125 239664 259519 241688 265701 245940 253159 233953 260885 235771 267752 256754 285268 254552 252036 260821 278565 253317 272779 266746 288386 269695 277157 244939 281126 264979 240357 281259 269622 287697 275676 241240 247994 253819 268678 258987 225722 274706 254280 271912 292290 265932 282385 248122 280819 276880 237961 267205 254142 268055 246120 237539 232613 305432 290712 263249 272211 290171 204831 246655 262492 276476 235164 271827 
219807 226163 230834 259430 247133 255707 228866 246005 261245 234808 255926 241510 243509 212244 246238 254411 214410 227052 207517 248414 252688 242681 257012 209871 220816 250575 258793 245849 240908 255849 215536 233936 249780 237750 251212 221167 237822 234340 246022 236823 246534 229153 257155 226619 247369 217477 244736 209871 256759 239552 228048 223774 262907 248470 241890 237516 265725 261533 256797 227802 249893 253671 235339 243042 236490 248732 235616 238244 225188 231410 259469 234827 239091 245567 250255 235151 254259 230633 227142 249970 263845 254602 232118 221179 235923 246626 232273 236751 222698 261260 244339 247799 263721 267335 216204 224161 242135 267511 215696 243305 
229335 230433 215587 232018 251818 252081 216211 237654 247465 218702 253481 240347 255782 208872 247847 260833 200941 221609 203310 244120 234743 222533 252646 233562 232315 251251 242710 230696 246623 250770 190255 229654 230869 244427 254237 206683 223970 231608 245820 218652 234995 220271 234073 205286 247949 228976 236837 224268 260402 236182 228903 226623 250022 220464 242324 248585 259532 247163 264174 207298 237938 233945 215686 258501 237376 252832 236014 230736 211407 205878 252686 238031 217015 242359 249203 239116 243493 217291 242172 231768 277526 264522 228187 228626 238985 260358 202067 216841 225652 263114 258624 225167 241954 260510 208419 229809 259260 261047 244093 248595 
243618 253127 218485 256364 262849 286965 238847 256325 234457 234229 268348 243613 256889 222603 244345 272681 215116 248231 202618 265443 241182 245235 259288 252949 238777 263642 275481 240714 247405 236247 212556 235272 263578 261803 250261 214126 235230 239438 259372 232748 253400 223391 246407 228283 246049 212067 256369 229037 277329 264000 252216 223219 278861 255115 274867 236624 260452 271394 260451 219492 247443 239499 222255 264250 253800 257681 265405 239900 238462 245003 258987 245050 217492 250079 250999 239575 265130 240220 249722 246586 286261 275773 247320 240684 251464 248075 232761 231411 234908 279632 269193 260227 249749 285276 222854 228215 275547 270421 233553 242975 
247793 267890 244057 267351 260391 280666 238229 262049 253789 239944 281678 258409 266303 235938 244927 278281 230510 263925 212934 280525 274721 251101 282482 242825 259027 263404 272118 258233 253151 257409 220950 260207 256970 254823 261872 233844 257245 247463 260934 238338 270560 255019 264182 221830 268868 239426 281635 241137 289778 262421 271735 244068 265430 258666 267993 264488 282934 271872 274595 226512 272581 262753 240011 288482 253249 259550 259319 255468 249253 239869 285099 248266 233374 266068 248515 255979 277087 257782 259709 248983 283376 287839 245922 248621 255982 267738 245716 231984 236981 293990 283399 258147 267167 303374 228959 237328 271538 266740 242494 247917 
247751 264975 246857 267019 274617 286331 241330 269085 266353 252697 285409 261551 246979 220220 270454 277184 242722 259819 230293 266781 270907 266817 288999 243835 254852 281339 272824 267985 265073 256869 231646 258152 269589 268713 282936 253697 269461 247584 260942 242526 259818 245452 256759 227246 274631 243528 280893 252319 278796 267952 257855 251865 287521 250715 270666 274796 285430 268635 285785 232170 270506 249532 253104 274023 260043 274657 248590 257792 241273 258029 249935 252971 250345 261428 260340 264742 274473 236325 264058 244002 284517 277146 244165 258425 261576 254759 253946 251244 231493 291538 271596 264149 272770 287664 231419 230161 297034 290225 239595 266613 
239967 264201 249119 272415 252330 266892 236314 262803 252037 255232 272984 264527 257686 226428 252526 267291 210897 226688 221226 254438 251301 261522 260758 233262 233886 257868 259039 263332 242568 259048 213961 251749 255228 256858 257908 233054 239914 239281 256595 223848 269749 216035 254216 220466 254011 236838 261786 242241 269533 265028 243268 243533 264922 256942 254098 246567 268883 273962 277903 228302 266263 268870 234852 255394 256586 265408 245605 238145 227712 257343 267925 236493 216184 246047 244905 253729 269111 232411 262551 243280 266328 259996 232482 242406 246039 261366 252428 243531 230993 277757 262320 230200 252125 282184 231655 237356 268987 272943 228022 248059 
254338 246889 236976 248541 250152 270494 220066 257169 259785 228118 268893 243239 246076 223085 246104 284759 216827 244384 216645 251843 249885 245276 263744 239861 225752 257909 267979 255853 243084 231615 213008 246041 259539 267162 263086 227042 242655 240096 261953 233532 258979 238127 259086 214258 256527 237650 255312 244919 266223 252698 253546 238576 272739 248601 270211 241387 274151 259677 263477 215108 273457 257955 255234 281169 261913 270823 257499 247334 235994 239753 264260 237820 233607 257488 257247 243026 277951 248916 255358 247693 266512 263761 236440 254808 240502 259077 255426 230151 218809 283226 259988 250121 250537 272907 219620 248826 263360 274909 224175 267460 
246388 263970 243788 275454 269887 284639 234143 266643 253697 262312 280827 250412 283628 225483 268676 285067 233493 255121 224679 282088 262073 261311 278389 254214 250505 281692 298356 272854 259628 249368 222278 265855 285196 275672 280264 243958 247684 268397 270180 253818 284743 246150 286669 239095 261233 232194 271044 241284 276979 276381 262613 260554 284143 269768 279959 266755 287524 286878 281328 219828 284940 270999 248823 281357 286339 277682 283389 248479 252891 253176 282140 249874 232982 267479 268763 251201 294520 249449 265990 256338 294124 292771 267111 254471 253844 283611 259623 245488 250977 302833 272583 266330 260964 313333 241834 254812 278348 290023 246725 259413 
231023 238443 220250 250802 256897 268866 209989 234383 219156 250874 260937 253977 238026 217648 244314 258057 205102 247371 208695 273054 232349 229998 245049 241344 258374 265397 269073 237243 252238 250222 205277 233334 239214 256005 253692 206560 215241 211793 243923 227421 254230 233807 244982 227305 245179 197400 255176 235493 261458 245115 246811 218549 267417 239757 230600 237305 250510 253889 247182 227762 256789 249372 219724 257216 257531 246673 257352 242855 234686 248842 253792 232698 219545 262209 223649 244632 247956 230116 244663 260593 253111 263023 224318 240621 248922 252192 223842 217787 215366 276599 256634 258888 258341 282656 204356 234900 264567 251253 215538 242510 
267443 258750 245101 275345 276972 283997 231428 269161 281194 277803 279079 270534 269802 243983 274268 284369 242881 250631 221195 279558 276327 274439 283588 247329 278421 291631 293724 273741 272811 262176 248291 262651 289173 287764 265388 249309 260967 252108 271265 248254 284496 254344 266786 237424 286605 245895 291497 255381 290904 271941 272073 258730 287876 269629 278249 260210 293109 285957 298451 238282 290715 269114 246492 279747 284727 281405 278915 265700 238421 266298 276895 256254 251479 280652 259798 264294 276229 258558 269312 264611 307574 283146 255314 258269 277539 282307 247011 247772 242653 310476 275769 269523 280709 299377 234482 269054 291874 287669 233039 265522 
238149 243604 240469 251646 273276 281175 231287 257095 252476 257366 272220 252405 253750 240917 249136 257318 225459 252895 206472 262024 257396 254137 263492 230594 243294 285625 282973 233732 258812 257172 219429 243186 253393 271242 262889 221421 232397 228664 263280 251803 254314 240098 244597 226102 251631 222098 263493 246644 268733 252306 247197 236479 263434 251193 272308 248555 274524 256672 251374 222625 268527 266959 244146 288176 264464 252014 251259 236682 257272 249726 255181 248861 251894 250546 265554 257574 270079 246647 247360 241184 272162 278164 253584 243797 243444 260368 239912 243727 224524 284384 266891 260385 275003 289679 239015 228927 293503 274516 237194 262804 
227903 241420 233794 248533 238427 268959 216799 247605 240590 234875 260375 242234 251946 207796 241770 247646 216956 234235 210215 253464 226857 228337 254177 228930 222110 264254 266315 224057 234520 230634 204511 235175 238888 257766 261788 221083 231620 211517 250659 230717 240325 210565 219413 193734 219537 225993 240290 234117 264033 241426 249132 236325 241539 233042 246976 238344 272184 252727 253658 217524 246032 230115 224292 251695 251901 257900 245236 211454 237325 237276 249040 229196 218166 261587 251004 258858 267172 248764 249116 221213 262479 262153 224609 241217 238207 245702 223326 231628 217658 282177 255255 236955 253130 275409 209243 217184 262689 250632 221327 243428 
239499 250857 233662 249589 235109 261881 224801 245412 240470 237759 260240 244979 246063 228125 251453 277689 214230 244022 220693 266029 240765 237905 259107 247824 249780 253074 254613 234765 235267 253001 209278 235902 235055 249645 257703 201229 228835 232924 253646 234123 244302 236500 247974 236663 240523 213548 251911 227484 273482 245998 241271 232391 256914 245131 243074 241013 255274 255377 262536 215331 267937 255123 232157 256288 241334 248469 255763 242247 223016 228670 257379 240379 218028 251257 246515 248494 247462 241412 242018 235909 268437 270584 240215 228135 240917 257900 241033 213388 240117 273788 266552 241071 254389 284771 224212 228082 246877 268522 209840 240714 
246234 260904 252638 278873 282557 279460 236170 270668 259168 250855 278962 263063 268593 228273 264197 279941 246878 261842 221416 276992 260672 254513 281443 259970 266673 284290 278414 265828 259584 261509 224957 250691 262521 280909 285959 236656 260037 248863 262987 232591 279541 240666 254476 235322 271613 237214 253984 267936 277917 250398 262659 252322 282797 245824 267549 285564 298446 263332 283758 230092 286661 252416 246807 281913 262655 279511 264230 246959 229600 256810 267889 263975 248433 280579 247531 271375 264194 233091 259216 248684 294249 283081 254846 263407 257496 294555 251316 253769 250424 297531 272771 260953 268681 282318 228083 240888 284859 285228 241733 281554 
260631 264975 246808 271760 276272 300366 241305 260387 259517 247200 285542 262732 272926 232316 263927 294236 231157 247415 242726 288895 262622 269484 267367 256868 258982 282584 286850 265021 268771 265193 226188 261151 276910 288643 285007 237843 247291 245831 285317 245496 269760 246197 277042 248929 282003 240435 286223 257778 303788 286980 257804 263521 290619 276642 286855 269852 279036 285465 288717 241617 275147 273200 249381 285006 278303 269264 274936 258695 245480 267315 270778 257005 248919 277491 275525 267237 284760 254596 280371 263991 299307 276590 267589 260653 264330 272129 255850 239189 242799 304635 300102 278679 267637 296624 225114 267359 289691 292813 258057 257336 
227536 231780 233413 252035 236602 256259 208364 237597 234361 235396 252705 259259 238862 211073 225824 261755 198717 241929 214862 245730 239941 240147 255311 225225 220942 247441 240651 227477 217473 239959 205140 246931 239432 252812 258067 210607 228629 217867 243681 236798 247431 222794 253601 216924 231548 211967 238243 228864 253378 239743 235171 243584 260278 223827 243818 245866 244872 238067 258748 221313 248338 239349 219548 262252 243762 246821 244700 228885 235610 239070 235763 223756 213237 243921 234140 242165 254814 221118 232885 221214 251084 240633 223380 237095 234012 244987 235023 212858 212744 273802 260161 246534 241887 273560 216319 228862 260271 256069 221779 232794 
227743 244220 229087 248098 247344 273015 222674 243185 240453 237670 253324 245281 244506 216122 245275 269312 224126 228744 206494 261518 230711 236445 268764 228350 222533 262387 257593 243912 236219 242743 218531 250848 259002 258816 272325 223093 240225 230109 235066 223999 265792 222103 260696 230268 250487 219915 239027 233239 266914 251846 251243 248017 278014 253284 253652 247867 249673 257232 277813 233505 252548 246892 239298 264642 241254 245066 255137 246920 226961 250824 246947 224204 225817 252440 245868 251849 265774 229691 247655 230615 266687 265800 234976 230836 243552 249082 233085 228557 223729 285226 249581 246386 246979 277103 228148 228551 269740 265537 228041 242890 
251681 254004 249877 267159 257894 288754 236599 263469 249380 246477 270947 260449 265058 229889 271227 269828 226071 243706 226096 269831 258192 267265 270106 230643 225005 269429 263554 256872 253636 241413 220544 264843 261105 266738 284499 232883 242105 229622 260897 234648 274276 228225 251721 232715 266799 234628 255285 243994 273123 249577 234631 251578 278572 254733 258392 250138 281022 261235 282898 241428 267539 239186 235496 260954 264671 268301 279064 251600 232676 244944 276794 249581 248909 252088 256539 248163 277784 249703 247699 241481 277348 268060 235060 245997 257085 271124 242789 231481 237725 284633 279936 253905 272222 286414 208903 245216 279443 286906 235816 258743 
238049 241297 239122 253444 262451 271064 207460 269357 263855 251306 279004 257367 251402 236762 265520 268149 212210 237271 209785 269914 235843 247929 253106 244626 230180 271018 267677 241485 252508 252231 199127 248697 242543 275505 279617 230528 241731 223453 248467 233709 244495 239786 250171 234739 240300 226522 252307 227393 272788 251972 235884 233117 267937 244237 250200 242580 279889 268899 264039 241999 268508 244504 241420 260661 250584 261638 264323 240969 249528 243775 245760 241828 232477 246543 265853 246939 256290 250865 239076 245349 259560 259085 241416 235072 249968 261829 215013 235682 237756 281010 261496 254947 267204 272755 208753 229640 253650 279119 229150 262162 
217699 266020 239772 264147 268770 267917 231858 242234 250336 242688 274250 252081 255361 222755 240991 258336 205560 234959 224929 259708 258088 255148 268436 240786 243518 274271 263963 253511 244090 260944 235512 247267 253966 250678 274192 222062 245937 242126 258652 225811 255546 219744 248890 221257 262210 236516 252169 242184 262533 246873 240561 236884 257864 249479 277999 275967 280786 255895 251998 216404 260753 248433 242144 271597 260604 249605 228574 237844 232258 241716 266041 235425 231926 238799 245980 264268 249119 209900 264325 251136 263067 268183 235836 236835 254738 269512 247052 243982 216988 271809 269521 237993 259607 286303 230037 239136 265125 266005 242487 266512 
242200 250938 227775 262193 253032 279801 238140 266903 266804 231659 273340 234674 248749 234013 248329 279168 219519 239214 211854 268032 247236 250159 259984 228888 253447 262682 277927 239083 259740 236203 212674 252068 266547 261422 254028 233293 235792 236398 247323 232977 267207 228514 247269 215895 252572 226684 261208 243201 271594 244200 263553 237823 284388 249683 262825 249596 266719 267043 280360 229506 267712 249373 225879 279110 267772 274244 255236 261263 241604 249061 262572 235742 231247 256252 231830 252084 283638 251136 256886 234599 274492 259759 244980 260747 248507 250706 241323 237897 221675 279390 272736 258420 251957 293854 223580 235219 274734 247622 220356 255146 
218054 214287 211581 215538 242441 251274 224003 210449 223630 216943 234947 228876 233160 199100 222173 243079 196190 215689 198514 253368 214021 223228 233261 249511 225133 239113 259401 234200 224614 231307 196491 221955 239522 246093 242821 196524 216946 210991 239729 219448 249840 215742 241443 198557 255748 212114 234471 225192 266455 244602 235053 211834 239908 228222 227786 237782 259932 242090 246597 198224 250519 229433 227273 243396 237107 251965 239351 212634 228400 239551 267077 216791 214730 244021 240138 249324 250523 213454 237363 231708 255184 254140 237709 244486 235364 235734 217934 229922 223786 260140 237585 225111 236018 267960 211093 214236 262647 248000 212404 226483 
231024 225625 235498 249609 256059 250268 216996 234244 235635 240846 248815 247276 237607 210694 255909 239225 206308 229931 202179 247578 256703 233753 238840 227683 240564 243377 260817 211249 241350 242909 226754 247443 243664 245515 246754 208056 235524 214907 231736 232405 241169 230714 232316 214740 256477 226311 257060 221760 251326 236651 239103 222906 259488 231506 235553 247396 256360 237809 270751 218167 250758 249153 224765 251002 243547 261364 238783 235915 227122 244053 235441 227288 203114 246322 232757 238872 241830 217483 232081 240083 250448 252140 225008 251758 231588 232480 221474 215336 213415 266887 253220 231123 248290 277795 199521 224752 256092 243485 221240 245616 
235960 257238 241030 251022 249192 268006 218083 261436 262335 246975 272710 246800 265313 231479 243255 279998 227846 247023 206581 274636 256069 253021 267544 224937 234806 273539 286542 248505 258309 253266 222500 258313 263630 259220 278317 241368 257991 236783 257228 231486 250758 231098 250081 215391 253469 231835 272641 231948 285120 259215 258177 247844 271211 244713 272756 257949 269782 263632 266449 231762 249356 238542 244613 274871 241306 257154 254842 254418 252615 244455 256212 231941 227993 258767 252315 248703 268830 243761 255312 246594 269159 276950 232602 245036 272582 255565 246921 224695 231465 286376 267511 263142 256376 283095 219649 223291 265418 275006 226553 244757 
221931 256293 228731 246575 267404 270154 217686 242993 254530 229188 259374 246235 251507 218948 252703 257020 238241 236187 214748 255978 235161 239774 252806 225293 241639 256095 271830 240700 258975 248910 226628 253971 264605 247063 269662 239788 234897 245073 226360 222164 245057 223041 256637 213924 256137 223244 264848 238391 290172 251261 265997 225111 272421 246854 242781 255800 274721 277487 269951 215550 259264 241071 223607 265627 251891 265710 247676 245617 231644 250585 260324 223636 226445 249277 225990 249036 266439 218174 255055 240215 281759 277105 237718 254146 251239 263330 233996 243482 227575 271893 255280 252165 268442 281925 225905 225703 271398 264026 237102 251051 
229448 235101 229096 264573 253626 272164 215737 246886 259339 237011 261723 258155 248118 216058 257952 265032 218902 234938 211116 260944 247654 246833 265474 223282 235192 269433 254968 230365 236758 252879 223975 241677 237036 268769 254497 211705 232799 218789 244057 230689 255203 214912 218776 211752 245241 228861 254633 238652 272786 236877 231466 233631 252228 251089 252863 234056 284863 252368 263039 222982 271892 260972 226335 268014 248253 249526 251804 237794 229558 241383 257025 227169 228426 249141 252272 245619 255670 248759 250613 252828 267477 248626 229226 243557 245513 252149 228324 235132 228214 285033 254501 252345 252315 270748 205834 235716 260373 262381 224808 254299 
219486 228047 217901 219997 241519 261728 198687 219305 207696 214656 235565 211074 222033 192352 213138 237828 206039 214107 191628 220292 202208 216832 235705 214215 207300 246400 242861 232433 222575 205752 185527 211300 236368 235196 234894 195651 211930 208859 230954 209608 227807 208551 240867 192037 233645 207375 237784 210669 242484 225424 213628 210965 233364 247274 237812 213497 245829 230316 235667 193055 250962 226873 222061 231820 235231 214013 228615 217482 205737 224609 224892 203052 209385 226597 230074 208632 241536 215418 230435 216740 241468 231044 212076 201051 222463 210858 232010 225807 209935 256710 216179 237740 212250 250727 188969 216983 242764 252058 199018 223867 
247644 253279 252014 253110 268975 289241 233833 263053 280723 252115 268133 247494 266862 236199 282184 286043 229176 251676 201280 277386 263940 267343 270129 256513 263149 282013 283964 254465 277529 260624 216063 253650 261715 276706 260863 227347 242913 257748 257494 246376 258110 246154 254291 238246 261762 228253 261165 239458 289034 272389 258350 247267 273020 260265 274551 254459 289076 278460 289151 220323 281787 264268 245240 270371 275685 272734 251134 245481 246363 255116 264195 260752 240066 273608 261467 266831 268959 254911 266413 269786 303178 287738 262430 250154 269667 273546 236876 257522 251950 289406 275909 272531 274315 284482 239570 241895 292369 281114 253647 268758 
217823 236310 222444 249636 227738 249776 213186 240791 244110 233023 243403 236015 247082 204591 245140 243241 202830 226773 187395 251388 237125 230480 240245 232096 222439 244411 244767 236112 232377 228772 196859 227686 242224 239061 244055 207856 221434 226002 215528 220863 240785 199364 227010 197103 221833 198315 226279 212425 256181 239746 231207 221033 245778 237808 237450 221557 261997 266931 255551 205926 251540 234821 220362 223183 240101 255562 241761 229662 210629 228441 249150 221383 207881 242064 214448 224051 255864 211333 240004 243366 249138 254483 210519 238891 241570 243273 229985 217247 205897 265241 246643 256803 251473 248607 212165 220703 242173 240347 207751 235581 
265882 258311 255207 267011 278536 288093 240466 261266 281951 253309 293477 257728 270789 234483 279504 277250 236794 243335 224488 293376 262785 258291 281749 254693 268758 265768 288969 252426 274429 259899 229529 245257 275092 282371 275977 232467 250255 253030 276157 249688 258603 249480 262246 235431 262950 242302 268221 241024 295908 266669 265753 252840 280839 250778 267009 271832 299445 288821 297718 241233 269419 275755 249889 281032 279501 288569 271056 251809 247394 259945 264692 258711 234298 282783 263222 261467 281677 258115 259462 254288 293647 285572 262379 264816 268123 265743 256736 262216 236628 303636 280139 266487 272423 308609 242071 249705 283063 279238 243007 258916 
227459 249043 232362 246912 255963 258733 222031 266230 242874 244655 254754 245546 258850 231695 250220 261740 213183 227306 201598 265968 250285 252142 244273 223037 231447 276883 277895 228382 248500 253771 229534 251212 247751 271447 270021 229444 243091 253383 258233 230551 251180 223539 246352 223112 248411 233644 236456 240415 273456 254520 243795 238122 255698 233539 251469 248118 268353 255767 274179 217913 261571 233900 232925 249374 254701 267762 257161 239421 240095 244952 257193 227565 234086 244905 249327 238945 259992 235529 242908 232011 265338 264668 245914 243871 233715 253843 218587 231691 228647 263034 251056 240668 267933 285371 216553 228153 266763 270037 230581 259490 
261094 258294 261533 281702 274573 317549 253361 270384 267523 271201 300471 288991 283531 231608 270975 280680 235892 252027 236935 289383 286440 279798 280186 270583 261555 292859 305751 269488 260828 268115 244503 280162 296679 294854 288585 248808 262361 245442 275651 254125 281611 252136 282246 241077 279924 250716 281053 261204 290819 275609 281739 260732 300352 288242 280123 276528 304457 277116 299102 257994 283193 279093 267576 282560 284801 286706 274678 262955 256883 276129 292738 267044 251503 289141 275991 260511 294987 253214 276842 281725 299759 284389 251966 261899 276184 281529 269397 259120 243056 308956 291680 282340 277422 313681 234474 258171 292100 287102 245410 261928 
238421 242079 236471 244791 266784 277956 226674 239897 235021 247046 263673 231781 258012 226204 245500 254900 222066 237332 216108 271332 246488 243393 266251 230275 243145 265389 269134 255865 248737 237317 219435 224903 256555 249163 258213 213494 234864 226959 254969 245120 267341 242844 260710 218885 243070 201441 249791 229606 259517 248199 251214 228575 256459 247109 265365 250705 268250 266635 260132 211757 258759 261244 232069 278703 264293 256437 244071 235865 232222 229125 254221 227087 234716 255405 230556 251770 265350 228047 255887 249327 268710 282011 237879 244809 246235 256809 247699 221904 216951 281165 268734 253746 256935 281864 234345 244408 266722 268175 233984 252243 
230978 243270 235702 241397 247996 256746 226519 225642 232419 223312 254975 232978 239659 224181 241760 233849 208640 238620 203571 251816 241732 238534 256899 222513 226214 260441 259453 233026 239784 228056 217281 228172 245058 259657 244692 207287 246022 230190 233234 227684 253508 229886 237265 221338 242717 206762 240475 221099 253013 235678 238771 219526 258680 251720 245083 236116 248879 245609 251438 205724 252486 234956 235388 236344 241425 243163 240396 242755 228790 250475 242445 223272 224501 240074 233323 240150 250975 223004 233022 236755 251571 273846 230069 235457 243084 230552 233238 220864 212341 258946 259566 251650 250839 266392 228706 223957 251186 244174 218983 244906 
222857 222430 221830 235376 228982 248238 212984 230121 219745 211497 241797 225999 229705 201364 224301 232550 208654 213645 202076 226946 213281 235821 241356 223529 225364 237861 247250 226317 226721 228546 188155 226552 233522 245302 233119 203074 212135 203508 231709 218860 239419 217076 235925 205678 218300 206586 249561 223414 239166 230378 215620 213120 240004 225261 236274 232157 245576 248354 237365 201559 259212 243412 209772 249730 234404 229962 242463 228458 210649 221642 243904 224286 221884 238298 227492 227740 241306 230823 224411 222007 258101 241746 226305 221143 219122 229433 224225 211311 214160 265976 241330 227559 229679 256918 208310 204921 248440 236479 199427 224123 
237923 247731 241198 254356 260337 272687 236812 257510 256216 245612 268789 243288 250783 214100 262138 269840 220608 245531 209652 275137 245639 253735 253524 236072 261933 265341 270179 243389 255816 239623 219900 240311 253406 267466 264072 230737 232159 241538 256344 232696 257396 239078 236985 222229 267196 230376 254503 231285 270993 251412 233676 249111 267480 257135 263627 264131 271367 257528 274109 235515 255832 241269 248308 275955 271279 274955 252697 236827 229188 253581 255587 237950 212239 250461 261565 272858 264422 244162 249889 225119 273619 259057 230731 251693 243407 264603 241568 241503 237825 283952 266965 246447 248064 283073 211125 231598 274293 264643 235199 257898 
264099 263093 240427 282600 270987 291515 241612 279126 255532 253115 282120 267550 267424 236524 257641 278490 232070 258657 209471 292025 256393 265296 282678 257924 251380 277972 293672 269257 266880 257477 221711 261167 279876 284194 281549 237798 242219 239780 268083 258414 275647 248375 264810 233570 248570 239497 269796 262004 302020 285425 258437 246249 276605 264434 276022 264916 295603 295060 279690 246070 279875 251454 244522 290066 267553 274863 284634 255116 251571 268264 274480 249660 256470 288193 273285 275533 277027 266865 268635 255543 296173 267413 254936 252899 273251 275711 246023 245561 250715 305007 286277 266098 266167 300236 249465 263189 291091 284878 240069 257366 
238255 241092 232787 251624 251169 285946 222841 247751 238636 240224 254834 246349 250203 226793 255039 260967 213607 236331 213605 260217 233718 244519 245374 236823 255139 267177 252620 238412 252694 242997 208757 240421 249074 245235 249797 211540 232562 230916 248467 231852 253916 241924 252355 228397 234628 205773 262653 220031 267005 240057 248857 229141 264418 248547 245679 238194 251920 262254 268467 219102 254822 262904 225136 272072 250544 243822 256793 242171 233447 238537 256867 233386 225390 250041 234532 227699 265600 242757 244744 257150 269784 265593 230686 224856 253024 245336 238960 225148 209594 258265 271439 262251 250166 278351 220071 216714 256559 252791 229679 233278 
249946 263616 243503 250978 270642 284155 235046 259469 243359 261050 267513 248367 268644 248325 270032 268714 212686 244478 220271 270930 242578 244563 269828 257658 264406 280519 286996 237322 281431 251756 206264 256632 252950 283352 270156 210218 234500 243868 260505 243802 260550 230331 262996 221148 255035 251141 261198 248167 277622 265310 252252 244912 266292 260292 264156 257759 272616 276352 268016 234068 261453 251645 237463 256795 273139 275652 260939 255354 237675 257816 268257 246566 221555 272020 260660 269245 267006 245298 269408 249621 282956 277724 251913 263118 265142 265779 229983 247556 248488 284986 269660 266259 264842 294186 226545 252985 272391 272134 245302 263812 
238207 251430 235126 240704 247996 258526 203149 244649 247897 260571 255635 249289 259360 234442 241834 253489 222022 243882 190311 264487 242290 246408 258794 240286 257730 272412 264865 234460 261776 234856 226628 247138 263039 251483 255894 218930 224650 225634 240921 227484 241080 238712 252044 222166 262781 224062 252605 240386 276321 255014 251290 229149 258142 252633 261260 252250 264980 274267 270634 223387 247383 242179 224098 270274 266217 254806 256593 239132 239619 248881 272349 239462 221022 258372 246980 250129 260467 221642 263382 259631 281747 271021 228516 253524 263698 254844 217409 217907 223709 279909 276424 259431 237555 278776 206162 248458 268523 252055 232349 252953 
233738 218092 234139 262706 246474 284163 218651 252680 251777 237795 266700 251541 270098 223996 262288 255073 213486 241614 218108 241629 265723 239520 262876 236894 253724 273517 273924 246193 245273 241430 216512 240077 245146 261647 267278 227411 243899 231482 251998 254301 261547 231917 242857 227166 253126 227515 272200 239889 265061 243973 239590 239856 256787 233041 263558 246869 264742 265881 272533 226709 265676 265979 241858 265114 257106 255927 273466 245240 224512 229462 264061 225523 234597 266745 229768 261627 269593 235945 241810 246985 280345 269207 235851 251628 233392 261221 248591 232621 223693 282441 245960 265713 252876 282963 209386 246974 260732 266942 231910 252876 
233077 254685 226654 253616 253521 265647 222487 249102 271815 221210 264448 244518 255280 197307 241576 264314 220039 238091 219467 248108 252624 247159 262370 242982 220141 262173 286136 239746 240965 241806 219874 251495 264384 260862 266001 222625 238882 251006 240640 238100 257484 215946 251605 215296 252276 218251 254584 236694 291339 260533 262199 217253 264409 235987 259332 236697 277299 280279 245928 219197 272688 246054 232571 242182 245301 272612 245753 244367 219972 235950 269665 241110 232759 263005 255356 247231 262367 241838 237302 256278 271870 269268 245298 245129 251761 257206 238182 229793 228843 285602 258170 266332 252740 282628 238913 231749 265935 257943 222520 241703 
224798 228143 208437 230313 226598 255503 213270 233546 223601 237081 255472 231498 235208 208304 221253 216114 206687 222713 199800 238786 231373 241949 223032 202000 214943 241758 250424 215394 223592 219022 212410 229907 240589 246803 233957 209353 204508 194211 222843 219615 247304 209237 238827 203644 236664 196230 247256 208238 251595 241014 226190 208881 247888 246829 234386 216498 238434 241436 243910 215718 232304 212979 213643 223878 238793 237584 238147 213992 209746 235064 241783 219865 206606 229063 221120 232808 244199 205645 234285 219886 235747 241879 209741 220893 224270 225483 229072 201235 213057 258443 234331 235324 227935 255095 198747 222213 248749 236422 198791 211238 
229506 243934 243638 256596 258202 277928 215502 228144 248700 249539 279409 250310 255785 204564 247240 260244 220634 242546 220856 260652 240139 251382 263476 244459 229611 276274 266759 254587 232256 248253 226613 252138 258410 265811 269337 222695 244987 243012 257246 238492 275756 232073 266027 220723 258075 232029 240872 250057 274701 231256 245381 232684 258727 256841 263212 253975 281923 261544 252703 227302 272377 257955 241857 274046 249294 260371 242125 215955 238066 252102 252744 230297 223980 256975 244352 261607 272453 220261 247777 253703 264701 274499 242317 240412 241992 259466 238268 231701 218096 281156 267618 246200 265663 279152 226439 243170 268832 260852 238621 256868 
242243 255347 260580 256031 264389 277831 227738 264090 267866 246143 288988 271039 268364 245110 256563 274225 229275 255521 223338 261752 265540 255114 288258 243583 257332 290756 282022 253978 268057 271986 207754 248902 267169 284075 278230 233878 249618 253411 269486 245105 277951 237811 248557 229586 258246 225280 272938 266730 278077 247230 255255 252533 267349 251657 267194 271166 267777 267387 275774 239390 274053 269588 239143 290409 268666 256175 251207 254932 237860 248923 267526 242114 238458 277539 256510 271895 277789 248616 257011 243831 275431 294278 255274 243555 261265 283831 245526 238930 242696 294030 265945 262518 260025 290450 240273 252604 288836 285831 232474 259143 
236991 256239 229103 262825 251018 277830 226491 243775 230717 253810 262591 254220 252574 224913 238093 273516 216112 239271 203903 258591 244970 238016 276835 247785 230676 279076 255633 246718 251308 230918 218501 246596 261526 247275 256227 209533 248733 231393 262106 223982 252778 232251 252539 212054 244713 221432 248232 250277 264977 251037 256521 231763 257804 257812 275762 239901 253596 274383 258471 226983 247066 246319 234457 269119 256858 265984 257866 232571 229107 246590 263939 230672 218667 247879 242845 243413 267120 239782 251216 246992 264526 274564 225115 239486 252343 256604 252835 226577 211968 280492 268140 257294 260235 292103 215019 229076 261411 269156 231099 258255 
226130 235282 225959 243215 253988 261666 227886 235567 246162 223370 269678 243898 249324 223917 243441 260555 213406 238016 221330 267973 259199 249110 260550 230079 237016 269856 283462 242972 252076 243040 223182 243499 253039 259403 254592 217188 247292 241863 251495 219977 256255 236845 249396 219138 257286 205836 264312 218186 265991 257442 247332 238757 266903 239634 258533 260343 270036 258984 260165 213777 258580 226950 233005 252645 261600 262713 237719 240269 238008 233910 249700 235248 235110 255399 249649 243507 261236 226490 260349 249794 259473 281977 231828 243740 251587 242789 237580 224694 223552 270882 262922 255834 247841 283901 229449 227938 255508 260070 231996 239521 
232113 259122 225639 255568 263564 261220 211201 248973 233870 237584 256017 237284 247149 228675 243810 282992 205213 240845 214296 258339 234316 237265 252574 252452 239306 276175 254132 237648 242669 245648 198502 240165 254297 249108 254998 208596 227198 228040 232849 215784 247441 230508 247600 218317 259503 227307 254397 217898 263280 243695 249052 240413 275819 249357 256003 248597 271695 251833 255089 216006 267534 241092 233777 266855 249681 253171 245460 247653 246369 237711 260063 239868 215599 242028 252096 236365 261390 231707 269476 245637 269412 277093 231283 236698 264821 257918 229480 232207 229345 271341 272316 252479 243509 275118 222319 218100 261831 257882 236057 251865 
226441 249932 239419 250680 260875 269541 223841 259460 256700 264735 249712 235425 248517 209235 255117 244596 216377 222559 208381 246895 237631 251658 238842 222493 240440 261727 258335 224796 237048 240627 219452 244981 260941 249386 257823 214855 227579 218909 239785 228617 249328 208494 258316 218393 261462 233524 244350 238904 266072 244717 245721 234342 267550 240814 263152 249374 260529 264045 267588 217536 253028 255161 237507 263514 259562 260970 242756 253674 213183 251073 243985 215602 213929 245261 246566 248943 258731 213601 244737 246410 267496 260195 222943 226975 256189 244373 241272 242380 215307 277742 272478 247528 241561 270606 219296 221154 265261 275525 215423 233299 
268303 272718 257841 266419 276819 294411 238783 291440 273778 269929 277893 266555 281351 253297 286326 293101 247220 255348 240083 287960 279685 266238 279094 262276 279973 296487 307674 268773 270777 261763 249707 281596 286814 281115 296452 244971 263877 265433 264315 256779 289313 266820 273810 248519 296777 248774 293067 255836 304403 276954 276748 265285 286034 273155 285408 269100 286866 284518 306836 248683 296719 274591 275250 286915 294673 307316 290361 273544 246216 268008 292300 260765 249107 285886 267533 278680 292927 272302 272573 275390 299390 299103 251122 273377 268525 284627 264781 245021 256618 312831 299135 269614 287873 321116 241949 276521 291990 282944 245591 287983 
231663 246334 236762 257710 243747 266542 205003 252023 252252 241317 255863 264102 260356 220144 246840 262799 224057 237718 203910 244346 249760 234434 242848 231167 229557 268218 272503 232144 237520 242909 216657 235876 249548 270291 247492 221059 240405 213056 253320 242102 256019 224195 233482 214716 243778 214988 246651 240678 250595 248110 250852 216865 259108 250764 258773 237686 253863 264036 250928 222404 247887 251456 222227 260581 237928 245579 246487 234246 233310 237562 260190 218757 216753 256203 234503 244051 276285 252845 226896 247602 261152 256846 229885 248014 252360 258255 227406 216093 218013 267837 265643 240965 244272 271303 205309 238931 256243 259316 208747 243092 
221447 233015 231435 263335 265188 255659 214392 239894 238145 248873 263286 252799 241353 221522 246785 269144 203707 239693 210482 257712 238216 231050 268531 249985 249533 260732 251251 231513 236425 255840 209002 231813 249672 252130 251133 198322 231778 221731 240227 214676 252211 216182 237697 206892 238476 221617 236684 240809 257216 235330 243751 232531 259343 241038 234920 259029 270287 256328 248026 226390 248185 246109 230384 260243 240215 266396 227607 242317 213229 232215 242739 246056 205858 255043 254427 255163 248721 217717 256083 236585 252302 268311 229070 253558 253504 246867 229047 225180 230191 279881 264499 238495 237961 280529 213657 230162 258351 256471 218228 260119 
218734 241314 217240 251437 233616 253074 217022 233635 244581 235706 261886 233311 239699 212744 245965 242006 211867 249799 221230 251929 243318 242874 252880 241518 233149 280238 269261 233374 255612 243972 213713 247544 247395 255587 259405 211750 230125 220217 223916 219983 248250 232398 256685 218561 251411 211127 257856 233218 264873 249690 250002 243893 251738 225840 240082 249928 260245 256065 253398 219442 268265 234448 235962 243006 245634 253892 250898 244932 224257 238602 255594 223293 225662 253579 243161 247861 240679 219276 248735 245549 259799 264298 230958 228227 246820 247979 218587 213048 221877 278710 244555 256897 245306 272890 211220 224854 241769 251591 222065 231625 
217961 234286 227286 230476 233824 230183 201935 240622 238917 231678 250687 228012 236812 202256 226473 241760 201758 208050 193156 247026 240754 235443 241992 223728 235452 243690 255660 228132 238601 240349 198291 217920 242394 246571 251715 208726 221613 217505 235604 201965 230163 215665 230970 201895 240022 200394 233430 226051 265312 248647 236441 221734 244655 222642 251931 233758 244114 249105 254574 200999 248286 239000 227420 242027 249994 254325 222242 220276 201170 213221 238724 233012 204821 244460 228226 234144 236440 213208 239784 221420 257686 249372 230288 223515 223191 242011 220725 207102 204984 269652 252093 235866 242541 252889 203707 215110 255608 255160 213768 234475 
237887 247204 237263 274331 251743 283431 225738 244204 267106 249707 274821 265921 283099 238923 264898 281127 226723 251348 222998 291136 259993 259016 287713 255907 240206 282453 285118 260709 261944 252570 230100 262987 265940 269852 286263 244989 267350 247774 273732 251527 256768 250257 271703 251442 254522 234086 265157 242451 275411 278836 269123 260264 276506 261032 270944 281395 284303 286039 286785 238325 265818 270784 258717 275888 263538 269934 284856 252190 255480 261148 274828 233850 231171 274988 252408 256062 276181 243472 272159 266926 288198 289041 248187 252000 265753 260020 239432 241183 224234 291660 263833 260895 262132 315922 219918 260741 264444 274182 253008 256481 
100x100 matrices: 0.003040 seconds
